id,Gaji
35994,0
35995,0
35996,0
35997,0
35998,1
35999,0
36000,0
36001,0
36002,0
36003,0
36004,0
36005,0
36006,0
36007,0
36008,0
36009,0
36010,0
36011,0
36012,0
36013,0
36014,1
36015,0
36016,0
36017,0
36018,0
36019,0
36020,0
36021,0
36022,0
36023,0
36024,1
36025,0
36026,0
36027,1
36028,0
36029,0
36030,1
36031,0
36032,1
36033,0
36034,0
36035,0
36036,1
36037,1
36038,1
36039,1
36040,0
36041,0
36042,0
36043,0
36044,0
36045,0
36046,1
36047,0
36048,0
36049,0
36050,1
36051,1
36052,1
36053,0
36054,1
36055,0
36056,0
36057,0
36058,0
36059,0
36060,0
36061,0
36062,1
36063,0
36064,0
36065,0
36066,0
36067,1
36068,1
36069,0
36070,1
36071,0
36072,0
36073,0
36074,1
36075,0
36076,1
36077,1
36078,0
36079,0
36080,0
36081,0
36082,0
36083,0
36084,0
36085,1
36086,0
36087,0
36088,0
36089,1
36090,0
36091,0
36092,0
36093,0
36094,0
36095,0
36096,0
36097,0
36098,0
36099,0
36100,0
36101,1
36102,0
36103,0
36104,1
36105,0
36106,0
36107,0
36108,1
36109,0
36110,0
36111,0
36112,0
36113,0
36114,0
36115,0
36116,0
36117,0
36118,1
36119,1
36120,0
36121,1
36122,0
36123,0
36124,1
36125,0
36126,0
36127,0
36128,0
36129,0
36130,0
36131,0
36132,1
36133,0
36134,0
36135,0
36136,0
36137,0
36138,0
36139,0
36140,0
36141,0
36142,1
36143,0
36144,1
36145,0
36146,0
36147,1
36148,0
36149,0
36150,1
36151,0
36152,0
36153,0
36154,1
36155,0
36156,0
36157,0
36158,0
36159,0
36160,0
36161,0
36162,0
36163,0
36164,1
36165,1
36166,1
36167,0
36168,0
36169,1
36170,0
36171,0
36172,0
36173,0
36174,0
36175,0
36176,0
36177,0
36178,0
36179,0
36180,1
36181,0
36182,0
36183,0
36184,0
36185,1
36186,0
36187,0
36188,1
36189,0
36190,0
36191,1
36192,0
36193,0
36194,0
36195,0
36196,0
36197,0
36198,0
36199,1
36200,0
36201,0
36202,0
36203,0
36204,0
36205,0
36206,0
36207,1
36208,1
36209,0
36210,0
36211,0
36212,0
36213,0
36214,0
36215,0
36216,0
36217,1
36218,0
36219,0
36220,0
36221,0
36222,1
36223,1
36224,0
36225,0
36226,1
36227,0
36228,0
36229,0
36230,0
36231,0
36232,0
36233,1
36234,0
36235,0
36236,0
36237,0
36238,0
36239,0
36240,0
36241,0
36242,0
36243,0
36244,0
36245,0
36246,0
36247,1
36248,0
36249,0
36250,1
36251,0
36252,1
36253,0
36254,0
36255,0
36256,1
36257,0
36258,0
36259,1
36260,0
36261,0
36262,0
36263,0
36264,0
36265,0
36266,0
36267,0
36268,0
36269,1
36270,1
36271,0
36272,1
36273,1
36274,0
36275,0
36276,0
36277,0
36278,1
36279,1
36280,0
36281,1
36282,1
36283,0
36284,0
36285,1
36286,0
36287,0
36288,0
36289,0
36290,1
36291,0
36292,0
36293,1
36294,0
36295,1
36296,0
36297,0
36298,1
36299,1
36300,0
36301,0
36302,0
36303,0
36304,0
36305,0
36306,1
36307,0
36308,0
36309,0
36310,0
36311,0
36312,0
36313,0
36314,0
36315,0
36316,0
36317,0
36318,0
36319,0
36320,0
36321,1
36322,1
36323,0
36324,0
36325,1
36326,0
36327,0
36328,0
36329,1
36330,0
36331,0
36332,0
36333,1
36334,0
36335,0
36336,0
36337,0
36338,0
36339,0
36340,0
36341,0
36342,0
36343,0
36344,1
36345,1
36346,0
36347,0
36348,0
36349,0
36350,1
36351,1
36352,0
36353,0
36354,0
36355,1
36356,0
36357,0
36358,0
36359,0
36360,0
36361,0
36362,0
36363,0
36364,0
36365,0
36366,0
36367,0
36368,0
36369,0
36370,0
36371,0
36372,0
36373,0
36374,0
36375,0
36376,0
36377,0
36378,0
36379,0
36380,0
36381,0
36382,0
36383,0
36384,0
36385,0
36386,0
36387,0
36388,0
36389,0
36390,0
36391,0
36392,0
36393,0
36394,0
36395,0
36396,1
36397,0
36398,1
36399,0
36400,1
36401,0
36402,0
36403,0
36404,0
36405,0
36406,0
36407,0
36408,1
36409,0
36410,0
36411,1
36412,0
36413,0
36414,0
36415,0
36416,0
36417,0
36418,1
36419,0
36420,0
36421,0
36422,0
36423,0
36424,0
36425,1
36426,0
36427,0
36428,0
36429,1
36430,1
36431,0
36432,0
36433,0
36434,0
36435,0
36436,1
36437,0
36438,0
36439,0
36440,0
36441,0
36442,0
36443,0
36444,0
36445,0
36446,0
36447,1
36448,0
36449,0
36450,0
36451,1
36452,0
36453,0
36454,1
36455,0
36456,0
36457,0
36458,0
36459,0
36460,0
36461,0
36462,0
36463,0
36464,0
36465,0
36466,0
36467,0
36468,0
36469,0
36470,0
36471,1
36472,0
36473,0
36474,0
36475,1
36476,0
36477,0
36478,0
36479,0
36480,0
36481,0
36482,0
36483,0
36484,0
36485,0
36486,1
36487,1
36488,0
36489,1
36490,0
36491,0
36492,0
36493,0
36494,0
36495,0
36496,0
36497,0
36498,0
36499,0
36500,0
36501,1
36502,0
36503,0
36504,0
36505,0
36506,0
36507,0
36508,0
36509,1
36510,1
36511,1
36512,1
36513,0
36514,0
36515,1
36516,0
36517,0
36518,0
36519,0
36520,0
36521,0
36522,0
36523,0
36524,0
36525,0
36526,1
36527,0
36528,0
36529,0
36530,0
36531,0
36532,0
36533,0
36534,0
36535,0
36536,1
36537,0
36538,0
36539,1
36540,0
36541,0
36542,0
36543,0
36544,1
36545,0
36546,0
36547,0
36548,0
36549,0
36550,1
36551,0
36552,0
36553,0
36554,0
36555,0
36556,0
36557,0
36558,0
36559,0
36560,0
36561,0
36562,1
36563,0
36564,0
36565,0
36566,1
36567,0
36568,0
36569,0
36570,0
36571,0
36572,0
36573,0
36574,0
36575,0
36576,0
36577,0
36578,0
36579,0
36580,0
36581,1
36582,1
36583,0
36584,0
36585,0
36586,0
36587,0
36588,0
36589,0
36590,0
36591,0
36592,0
36593,0
36594,0
36595,0
36596,0
36597,0
36598,0
36599,0
36600,1
36601,0
36602,0
36603,0
36604,0
36605,1
36606,1
36607,0
36608,0
36609,0
36610,0
36611,0
36612,0
36613,1
36614,0
36615,0
36616,0
36617,0
36618,1
36619,0
36620,0
36621,0
36622,0
36623,0
36624,0
36625,1
36626,0
36627,0
36628,1
36629,0
36630,0
36631,0
36632,0
36633,0
36634,0
36635,0
36636,1
36637,1
36638,1
36639,0
36640,0
36641,1
36642,0
36643,0
36644,0
36645,0
36646,0
36647,0
36648,0
36649,0
36650,0
36651,0
36652,0
36653,0
36654,0
36655,0
36656,0
36657,1
36658,1
36659,0
36660,0
36661,0
36662,0
36663,0
36664,0
36665,0
36666,0
36667,0
36668,0
36669,0
36670,0
36671,1
36672,0
36673,0
36674,0
36675,0
36676,0
36677,1
36678,0
36679,1
36680,1
36681,0
36682,0
36683,1
36684,1
36685,0
36686,1
36687,0
36688,0
36689,0
36690,0
36691,0
36692,0
36693,0
36694,0
36695,0
36696,0
36697,0
36698,0
36699,0
36700,1
36701,0
36702,0
36703,0
36704,1
36705,1
36706,0
36707,0
36708,1
36709,1
36710,0
36711,0
36712,0
36713,0
36714,0
36715,1
36716,0
36717,0
36718,0
36719,0
36720,1
36721,0
36722,0
36723,0
36724,0
36725,0
36726,0
36727,1
36728,0
36729,1
36730,0
36731,1
36732,0
36733,0
36734,1
36735,0
36736,1
36737,0
36738,0
36739,0
36740,0
36741,0
36742,0
36743,0
36744,0
36745,0
36746,0
36747,0
36748,0
36749,0
36750,0
36751,0
36752,0
36753,0
36754,0
36755,0
36756,0
36757,1
36758,0
36759,0
36760,1
36761,0
36762,1
36763,0
36764,0
36765,0
36766,0
36767,0
36768,0
36769,0
36770,0
36771,1
36772,0
36773,0
36774,0
36775,0
36776,0
36777,0
36778,0
36779,0
36780,1
36781,0
36782,0
36783,0
36784,1
36785,0
36786,0
36787,0
36788,0
36789,1
36790,1
36791,1
36792,0
36793,0
36794,0
36795,0
36796,0
36797,0
36798,0
36799,0
36800,0
36801,1
36802,0
36803,0
36804,0
36805,0
36806,0
36807,0
36808,0
36809,0
36810,0
36811,0
36812,1
36813,0
36814,1
36815,0
36816,0
36817,0
36818,1
36819,1
36820,0
36821,0
36822,0
36823,0
36824,0
36825,0
36826,1
36827,0
36828,0
36829,0
36830,1
36831,0
36832,0
36833,0
36834,0
36835,0
36836,0
36837,0
36838,0
36839,1
36840,1
36841,0
36842,1
36843,0
36844,0
36845,0
36846,0
36847,0
36848,0
36849,0
36850,0
36851,0
36852,0
36853,0
36854,1
36855,1
36856,1
36857,0
36858,1
36859,0
36860,1
36861,0
36862,0
36863,1
36864,0
36865,0
36866,0
36867,0
36868,0
36869,0
36870,0
36871,0
36872,0
36873,0
36874,1
36875,0
36876,1
36877,0
36878,0
36879,0
36880,0
36881,0
36882,0
36883,0
36884,0
36885,1
36886,0
36887,1
36888,0
36889,0
36890,0
36891,0
36892,0
36893,0
36894,0
36895,0
36896,0
36897,0
36898,0
36899,0
36900,0
36901,1
36902,0
36903,0
36904,1
36905,0
36906,1
36907,0
36908,0
36909,0
36910,0
36911,0
36912,0
36913,0
36914,0
36915,0
36916,0
36917,0
36918,0
36919,0
36920,0
36921,1
36922,0
36923,0
36924,1
36925,0
36926,0
36927,0
36928,0
36929,0
36930,1
36931,0
36932,1
36933,0
36934,0
36935,0
36936,1
36937,0
36938,0
36939,0
36940,0
36941,0
36942,0
36943,0
36944,0
36945,0
36946,0
36947,0
36948,0
36949,0
36950,1
36951,1
36952,0
36953,0
36954,1
36955,0
36956,0
36957,0
36958,0
36959,0
36960,1
36961,0
36962,0
36963,0
36964,0
36965,0
36966,0
36967,0
36968,0
36969,0
36970,0
36971,0
36972,0
36973,1
36974,0
36975,0
36976,0
36977,1
36978,0
36979,0
36980,0
36981,1
36982,0
36983,0
36984,0
36985,1
36986,0
36987,0
36988,0
36989,0
36990,0
36991,0
36992,0
36993,0
36994,0
36995,0
36996,0
36997,0
36998,0
36999,0
37000,0
37001,0
37002,0
37003,1
37004,0
37005,1
37006,0
37007,0
37008,0
37009,0
37010,0
37011,0
37012,0
37013,0
37014,0
37015,0
37016,1
37017,0
37018,0
37019,1
37020,1
37021,1
37022,1
37023,1
37024,0
37025,0
37026,0
37027,0
37028,1
37029,0
37030,1
37031,0
37032,0
37033,0
37034,0
37035,0
37036,0
37037,0
37038,0
37039,1
37040,0
37041,1
37042,0
37043,0
37044,1
37045,0
37046,0
37047,1
37048,0
37049,0
37050,0
37051,0
37052,1
37053,0
37054,0
37055,0
37056,0
37057,0
37058,0
37059,1
37060,0
37061,0
37062,0
37063,0
37064,0
37065,0
37066,0
37067,0
37068,1
37069,0
37070,0
37071,0
37072,0
37073,0
37074,0
37075,0
37076,1
37077,1
37078,0
37079,1
37080,0
37081,1
37082,0
37083,0
37084,0
37085,0
37086,0
37087,0
37088,0
37089,1
37090,0
37091,0
37092,0
37093,0
37094,0
37095,0
37096,0
37097,1
37098,0
37099,1
37100,0
37101,1
37102,1
37103,0
37104,0
37105,0
37106,0
37107,0
37108,1
37109,0
37110,0
37111,0
37112,0
37113,0
37114,0
37115,0
37116,0
37117,1
37118,0
37119,0
37120,0
37121,0
37122,0
37123,0
37124,0
37125,0
37126,1
37127,0
37128,0
37129,0
37130,1
37131,0
37132,0
37133,0
37134,0
37135,0
37136,0
37137,0
37138,1
37139,1
37140,0
37141,0
37142,1
37143,1
37144,0
37145,0
37146,0
37147,0
37148,1
37149,0
37150,0
37151,1
37152,0
37153,0
37154,0
37155,0
37156,1
37157,0
37158,0
37159,0
37160,0
37161,0
37162,0
37163,0
37164,0
37165,0
37166,1
37167,0
37168,0
37169,1
37170,0
37171,0
37172,0
37173,0
37174,1
37175,0
37176,0
37177,0
37178,0
37179,0
37180,0
37181,0
37182,0
37183,0
37184,1
37185,1
37186,0
37187,0
37188,0
37189,1
37190,1
37191,0
37192,0
37193,1
37194,0
37195,0
37196,1
37197,0
37198,0
37199,0
37200,0
37201,0
37202,0
37203,0
37204,0
37205,0
37206,0
37207,0
37208,0
37209,0
37210,1
37211,0
37212,0
37213,0
37214,0
37215,0
37216,0
37217,0
37218,1
37219,0
37220,0
37221,0
37222,0
37223,1
37224,0
37225,0
37226,1
37227,0
37228,0
37229,0
37230,0
37231,0
37232,1
37233,0
37234,1
37235,0
37236,0
37237,0
37238,0
37239,0
37240,0
37241,0
37242,0
37243,0
37244,0
37245,1
37246,0
37247,0
37248,0
37249,0
37250,0
37251,0
37252,1
37253,0
37254,0
37255,1
37256,1
37257,0
37258,1
37259,1
37260,1
37261,0
37262,1
37263,0
37264,0
37265,0
37266,1
37267,0
37268,0
37269,0
37270,0
37271,0
37272,0
37273,0
37274,1
37275,0
37276,0
37277,0
37278,0
37279,1
37280,0
37281,0
37282,1
37283,0
37284,0
37285,0
37286,0
37287,1
37288,1
37289,1
37290,0
37291,0
37292,0
37293,0
37294,0
37295,1
37296,1
37297,0
37298,0
37299,1
37300,1
37301,0
37302,0
37303,0
37304,0
37305,0
37306,0
37307,0
37308,0
37309,0
37310,0
37311,0
37312,0
37313,0
37314,1
37315,0
37316,0
37317,0
37318,0
37319,0
37320,0
37321,0
37322,0
37323,0
37324,0
37325,0
37326,0
37327,0
37328,0
37329,0
37330,0
37331,0
37332,0
37333,0
37334,0
37335,0
37336,0
37337,1
37338,0
37339,0
37340,0
37341,0
37342,0
37343,0
37344,0
37345,0
37346,0
37347,0
37348,0
37349,0
37350,0
37351,0
37352,0
37353,0
37354,0
37355,1
37356,1
37357,0
37358,0
37359,0
37360,0
37361,0
37362,0
37363,0
37364,0
37365,0
37366,0
37367,0
37368,0
37369,0
37370,0
37371,0
37372,0
37373,0
37374,0
37375,0
37376,0
37377,0
37378,0
37379,0
37380,0
37381,0
37382,0
37383,1
37384,0
37385,0
37386,0
37387,0
37388,0
37389,0
37390,0
37391,0
37392,1
37393,0
37394,0
37395,1
37396,0
37397,0
37398,1
37399,0
37400,0
37401,0
37402,0
37403,1
37404,0
37405,0
37406,0
37407,1
37408,0
37409,0
37410,0
37411,0
37412,0
37413,0
37414,1
37415,0
37416,1
37417,0
37418,0
37419,0
37420,0
37421,0
37422,0
37423,1
37424,0
37425,0
37426,0
37427,0
37428,1
37429,1
37430,0
37431,0
37432,0
37433,0
37434,0
37435,0
37436,0
37437,0
37438,0
37439,1
37440,0
37441,0
37442,0
37443,0
37444,1
37445,0
37446,0
37447,0
37448,0
37449,0
37450,0
37451,1
37452,0
37453,0
37454,0
37455,1
37456,1
37457,1
37458,1
37459,0
37460,0
37461,0
37462,1
37463,0
37464,0
37465,0
37466,0
37467,0
37468,1
37469,0
37470,0
37471,0
37472,0
37473,0
37474,0
37475,0
37476,0
37477,1
37478,1
37479,1
37480,0
37481,0
37482,0
37483,1
37484,0
37485,0
37486,0
37487,0
37488,0
37489,0
37490,0
37491,0
37492,0
37493,0
37494,0
37495,0
37496,0
37497,0
37498,0
37499,0
37500,0
37501,0
37502,0
37503,0
37504,0
37505,1
37506,0
37507,0
37508,1
37509,0
37510,0
37511,0
37512,1
37513,0
37514,0
37515,0
37516,0
37517,0
37518,0
37519,0
37520,0
37521,1
37522,0
37523,0
37524,0
37525,0
37526,0
37527,0
37528,0
37529,0
37530,0
37531,1
37532,0
37533,0
37534,0
37535,0
37536,0
37537,0
37538,0
37539,0
37540,0
37541,0
37542,0
37543,0
37544,0
37545,0
37546,1
37547,0
37548,0
37549,0
37550,0
37551,1
37552,1
37553,0
37554,0
37555,0
37556,0
37557,0
37558,0
37559,0
37560,0
37561,1
37562,1
37563,0
37564,0
37565,0
37566,0
37567,0
37568,0
37569,0
37570,0
37571,0
37572,0
37573,0
37574,1
37575,0
37576,0
37577,0
37578,0
37579,0
37580,0
37581,0
37582,0
37583,0
37584,0
37585,1
37586,0
37587,0
37588,0
37589,1
37590,0
37591,1
37592,0
37593,0
37594,1
37595,0
37596,0
37597,0
37598,0
37599,0
37600,0
37601,0
37602,0
37603,1
37604,1
37605,0
37606,0
37607,1
37608,1
37609,0
37610,1
37611,1
37612,1
37613,0
37614,0
37615,0
37616,0
37617,0
37618,0
37619,0
37620,0
37621,0
37622,1
37623,0
37624,0
37625,0
37626,1
37627,0
37628,1
37629,0
37630,0
37631,0
37632,0
37633,1
37634,0
37635,0
37636,0
37637,0
37638,1
37639,0
37640,0
37641,0
37642,0
37643,0
37644,0
37645,0
37646,0
37647,0
37648,0
37649,0
37650,1
37651,0
37652,0
37653,0
37654,0
37655,0
37656,0
37657,0
37658,0
37659,0
37660,0
37661,0
37662,0
37663,0
37664,0
37665,0
37666,0
37667,0
37668,1
37669,1
37670,1
37671,0
37672,0
37673,0
37674,0
37675,0
37676,0
37677,0
37678,0
37679,1
37680,0
37681,1
37682,0
37683,1
37684,0
37685,0
37686,1
37687,0
37688,1
37689,0
37690,0
37691,0
37692,0
37693,0
37694,0
37695,0
37696,1
37697,1
37698,0
37699,0
37700,1
37701,0
37702,0
37703,0
37704,0
37705,0
37706,0
37707,0
37708,1
37709,1
37710,0
37711,0
37712,0
37713,0
37714,0
37715,0
37716,1
37717,1
37718,0
37719,0
37720,0
37721,1
37722,0
37723,0
37724,1
37725,0
37726,0
37727,0
37728,1
37729,0
37730,0
37731,0
37732,0
37733,0
37734,1
37735,0
37736,0
37737,0
37738,0
37739,0
37740,0
37741,0
37742,0
37743,1
37744,1
37745,0
37746,0
37747,1
37748,1
37749,0
37750,0
37751,0
37752,0
37753,0
37754,1
37755,0
37756,0
37757,0
37758,0
37759,0
37760,0
37761,1
37762,0
37763,0
37764,0
37765,0
37766,1
37767,0
37768,1
37769,0
37770,0
37771,0
37772,0
37773,0
37774,0
37775,0
37776,0
37777,0
37778,1
37779,1
37780,0
37781,1
37782,0
37783,1
37784,1
37785,1
37786,1
37787,0
37788,0
37789,1
37790,1
37791,0
37792,1
37793,0
37794,0
37795,0
37796,1
37797,0
37798,0
37799,0
37800,0
37801,1
37802,0
37803,0
37804,0
37805,0
37806,0
37807,0
37808,1
37809,0
37810,0
37811,0
37812,0
37813,0
37814,1
37815,1
37816,0
37817,0
37818,0
37819,0
37820,0
37821,0
37822,0
37823,0
37824,0
37825,0
37826,0
37827,0
37828,0
37829,1
37830,1
37831,1
37832,0
37833,1
37834,0
37835,0
37836,0
37837,0
37838,0
37839,0
37840,0
37841,0
37842,0
37843,0
37844,1
37845,0
37846,0
37847,0
37848,0
37849,1
37850,0
37851,0
37852,0
37853,0
37854,0
37855,1
37856,0
37857,1
37858,0
37859,0
37860,0
37861,0
37862,0
37863,0
37864,0
37865,0
37866,0
37867,0
37868,0
37869,0
37870,0
37871,0
37872,0
37873,0
37874,1
37875,1
37876,1
37877,0
37878,0
37879,0
37880,0
37881,0
37882,0
37883,1
37884,0
37885,1
37886,0
37887,0
37888,1
37889,1
37890,1
37891,0
37892,0
37893,0
37894,0
37895,0
37896,0
37897,1
37898,1
37899,0
37900,1
37901,1
37902,0
37903,0
37904,0
37905,1
37906,0
37907,0
37908,1
37909,0
37910,0
37911,0
37912,0
37913,1
37914,0
37915,0
37916,0
37917,0
37918,0
37919,1
37920,0
37921,0
37922,0
37923,0
37924,0
37925,0
37926,0
37927,1
37928,0
37929,1
37930,0
37931,0
37932,0
37933,1
37934,0
37935,1
37936,1
37937,1
37938,1
37939,0
37940,0
37941,0
37942,0
37943,0
37944,0
37945,0
37946,1
37947,0
37948,0
37949,0
37950,0
37951,0
37952,0
37953,0
37954,0
37955,0
37956,0
37957,0
37958,1
37959,0
37960,0
37961,0
37962,0
37963,0
37964,0
37965,1
37966,0
37967,0
37968,0
37969,0
37970,0
37971,0
37972,0
37973,1
37974,0
37975,0
37976,1
37977,0
37978,0
37979,0
37980,1
37981,0
37982,1
37983,1
37984,0
37985,0
37986,1
37987,0
37988,0
37989,0
37990,0
37991,0
37992,1
37993,0
37994,0
37995,0
37996,0
37997,0
37998,0
37999,0
38000,0
38001,0
38002,0
38003,0
38004,0
38005,0
38006,0
38007,0
38008,0
38009,1
38010,1
38011,0
38012,0
38013,0
38014,0
38015,0
38016,0
38017,0
38018,1
38019,0
38020,0
38021,0
38022,1
38023,0
38024,0
38025,0
38026,0
38027,0
38028,0
38029,0
38030,0
38031,0
38032,0
38033,0
38034,0
38035,0
38036,0
38037,0
38038,0
38039,0
38040,1
38041,0
38042,0
38043,1
38044,0
38045,0
38046,0
38047,0
38048,0
38049,0
38050,0
38051,0
38052,1
38053,0
38054,0
38055,0
38056,0
38057,1
38058,1
38059,0
38060,1
38061,0
38062,0
38063,0
38064,0
38065,0
38066,0
38067,0
38068,0
38069,0
38070,0
38071,0
38072,0
38073,0
38074,0
38075,0
38076,0
38077,1
38078,0
38079,0
38080,0
38081,0
38082,0
38083,0
38084,0
38085,0
38086,0
38087,1
38088,0
38089,1
38090,0
38091,0
38092,1
38093,0
38094,0
38095,1
38096,0
38097,0
38098,0
38099,0
38100,1
38101,1
38102,0
38103,1
38104,0
38105,1
38106,0
38107,1
38108,0
38109,0
38110,0
38111,0
38112,0
38113,0
38114,1
38115,1
38116,0
38117,1
38118,1
38119,0
38120,0
38121,0
38122,1
38123,0
38124,0
38125,0
38126,0
38127,0
38128,1
38129,1
38130,0
38131,0
38132,0
38133,0
38134,1
38135,0
38136,0
38137,0
38138,1
38139,0
38140,0
38141,1
38142,0
38143,0
38144,0
38145,1
38146,0
38147,1
38148,1
38149,0
38150,0
38151,0
38152,0
38153,0
38154,0
38155,0
38156,0
38157,0
38158,0
38159,0
38160,1
38161,1
38162,1
38163,0
38164,0
38165,0
38166,1
38167,0
38168,0
38169,0
38170,0
38171,0
38172,0
38173,1
38174,0
38175,0
38176,0
38177,0
38178,0
38179,0
38180,0
38181,1
38182,1
38183,0
38184,0
38185,0
38186,0
38187,1
38188,0
38189,1
38190,0
38191,0
38192,1
38193,0
38194,0
38195,1
38196,0
38197,0
38198,0
38199,0
38200,0
38201,1
38202,0
38203,0
38204,0
38205,0
38206,0
38207,1
38208,0
38209,0
38210,0
38211,0
38212,1
38213,0
38214,0
38215,0
38216,1
38217,0
38218,0
38219,1
38220,0
38221,0
38222,0
38223,0
38224,0
38225,0
38226,1
38227,1
38228,0
38229,0
38230,0
38231,1
38232,1
38233,1
38234,0
38235,0
38236,0
38237,0
38238,0
38239,0
38240,0
38241,0
38242,0
38243,0
38244,0
38245,0
38246,1
38247,0
38248,0
38249,0
38250,0
38251,0
38252,0
38253,0
38254,1
38255,0
38256,0
38257,0
38258,1
38259,0
38260,0
38261,0
38262,0
38263,0
38264,0
38265,0
38266,1
38267,1
38268,0
38269,0
38270,0
38271,0
38272,0
38273,0
38274,0
38275,0
38276,0
38277,0
38278,1
38279,1
38280,0
38281,1
38282,0
38283,0
38284,0
38285,1
38286,0
38287,0
38288,0
38289,1
38290,0
38291,0
38292,0
38293,0
38294,0
38295,0
38296,0
38297,0
38298,0
38299,0
38300,0
38301,1
38302,1
38303,0
38304,0
38305,0
38306,0
38307,0
38308,0
38309,0
38310,0
38311,0
38312,1
38313,0
38314,0
38315,0
38316,0
38317,0
38318,0
38319,0
38320,1
38321,0
38322,0
38323,0
38324,0
38325,0
38326,1
38327,0
38328,0
38329,1
38330,0
38331,0
38332,1
38333,0
38334,0
38335,0
38336,0
38337,1
38338,0
38339,0
38340,0
38341,0
38342,0
38343,0
38344,0
38345,0
38346,0
38347,0
38348,0
38349,0
38350,0
38351,0
38352,1
38353,0
38354,0
38355,0
38356,0
38357,1
38358,1
38359,1
38360,1
38361,0
38362,0
38363,0
38364,0
38365,0
38366,0
38367,0
38368,1
38369,0
38370,1
38371,1
38372,0
38373,0
38374,0
38375,0
38376,0
38377,0
38378,0
38379,0
38380,0
38381,0
38382,0
38383,1
38384,0
38385,1
38386,0
38387,0
38388,0
38389,0
38390,1
38391,0
38392,1
38393,0
38394,0
38395,0
38396,1
38397,0
38398,0
38399,0
38400,0
38401,0
38402,1
38403,0
38404,0
38405,0
38406,1
38407,0
38408,0
38409,0
38410,0
38411,0
38412,0
38413,0
38414,0
38415,0
38416,0
38417,0
38418,0
38419,0
38420,0
38421,0
38422,0
38423,0
38424,1
38425,0
38426,0
38427,1
38428,1
38429,0
38430,0
38431,0
38432,0
38433,0
38434,0
38435,0
38436,1
38437,0
38438,1
38439,0
38440,0
38441,0
38442,0
38443,1
38444,0
38445,0
38446,0
38447,0
38448,1
38449,0
38450,0
38451,0
38452,0
38453,1
38454,0
38455,0
38456,1
38457,0
38458,0
38459,0
38460,0
38461,0
38462,0
38463,0
38464,0
38465,1
38466,0
38467,1
38468,0
38469,0
38470,1
38471,0
38472,0
38473,0
38474,0
38475,1
38476,0
38477,0
38478,0
38479,0
38480,0
38481,0
38482,1
38483,0
38484,0
38485,0
38486,0
38487,0
38488,0
38489,0
38490,1
38491,1
38492,0
38493,0
38494,0
38495,0
38496,0
38497,0
38498,1
38499,0
38500,1
38501,1
38502,0
38503,0
38504,0
38505,0
38506,0
38507,0
38508,0
38509,1
38510,1
38511,0
38512,0
38513,0
38514,0
38515,0
38516,0
38517,0
38518,0
38519,0
38520,1
38521,0
38522,0
38523,0
38524,0
38525,1
38526,0
38527,1
38528,0
38529,0
38530,0
38531,0
38532,0
38533,0
38534,0
38535,0
38536,0
38537,0
38538,1
38539,0
38540,0
38541,1
38542,1
38543,0
38544,0
38545,0
38546,0
38547,0
38548,0
38549,0
38550,0
38551,0
38552,0
38553,0
38554,0
38555,0
38556,0
38557,0
38558,0
38559,0
38560,0
38561,0
38562,0
38563,0
38564,0
38565,0
38566,0
38567,0
38568,1
38569,1
38570,0
38571,0
38572,1
38573,0
38574,0
38575,1
38576,0
38577,0
38578,0
38579,0
38580,1
38581,0
38582,0
38583,0
38584,0
38585,0
38586,0
38587,1
38588,0
38589,0
38590,0
38591,0
38592,0
38593,0
38594,1
38595,0
38596,0
38597,1
38598,1
38599,0
38600,1
38601,0
38602,0
38603,0
38604,0
38605,0
38606,0
38607,0
38608,0
38609,0
38610,0
38611,0
38612,0
38613,1
38614,1
38615,0
38616,0
38617,0
38618,0
38619,0
38620,0
38621,0
38622,0
38623,0
38624,0
38625,0
38626,0
38627,1
38628,1
38629,0
38630,0
38631,0
38632,0
38633,0
38634,0
38635,0
38636,0
38637,0
38638,0
38639,0
38640,0
38641,0
38642,0
38643,0
38644,1
38645,0
38646,0
38647,0
38648,0
38649,0
38650,0
38651,0
38652,0
38653,0
38654,0
38655,1
38656,0
38657,1
38658,0
38659,1
38660,0
38661,0
38662,0
38663,0
38664,0
38665,0
38666,0
38667,0
38668,0
38669,0
38670,1
38671,1
38672,0
38673,0
38674,0
38675,0
38676,0
38677,0
38678,0
38679,0
38680,0
38681,1
38682,0
38683,0
38684,0
38685,0
38686,0
38687,1
38688,0
38689,0
38690,0
38691,0
38692,1
38693,0
38694,0
38695,0
38696,0
38697,0
38698,0
38699,0
38700,1
38701,0
38702,1
38703,0
38704,0
38705,0
38706,0
38707,0
38708,0
38709,1
38710,0
38711,0
38712,0
38713,0
38714,0
38715,0
38716,0
38717,0
38718,0
38719,0
38720,0
38721,0
38722,0
38723,0
38724,1
38725,0
38726,0
38727,0
38728,1
38729,0
38730,0
38731,1
38732,0
38733,0
38734,0
38735,0
38736,0
38737,0
38738,0
38739,0
38740,0
38741,1
38742,0
38743,0
38744,1
38745,0
38746,0
38747,0
38748,0
38749,0
38750,0
38751,0
38752,0
38753,1
38754,1
38755,1
38756,0
38757,0
38758,0
38759,0
38760,0
38761,0
38762,0
38763,0
38764,0
38765,0
38766,0
38767,0
38768,0
38769,0
38770,0
38771,1
38772,1
38773,0
38774,1
38775,1
38776,1
38777,0
38778,0
38779,0
38780,0
38781,0
38782,0
38783,0
38784,0
38785,0
38786,0
38787,0
38788,0
38789,0
38790,0
38791,0
38792,0
38793,0
38794,0
38795,0
38796,0
38797,1
38798,1
38799,0
38800,0
38801,0
38802,1
38803,1
38804,0
38805,0
38806,0
38807,0
38808,0
38809,0
38810,1
38811,0
38812,0
38813,0
38814,1
38815,0
38816,0
38817,0
38818,0
38819,0
38820,0
38821,0
38822,0
38823,1
38824,0
38825,0
38826,0
38827,0
38828,0
38829,0
38830,0
38831,0
38832,0
38833,0
38834,0
38835,0
38836,1
38837,0
38838,0
38839,0
38840,0
38841,0
38842,0
38843,0
38844,0
38845,0
38846,1
38847,0
38848,0
38849,0
38850,0
38851,0
38852,0
38853,0
38854,0
38855,1
38856,0
38857,1
38858,0
38859,0
38860,0
38861,0
38862,0
38863,0
38864,0
38865,1
38866,0
38867,0
38868,1
38869,0
38870,0
38871,1
38872,0
38873,0
38874,0
38875,1
38876,0
38877,1
38878,0
38879,0
38880,0
38881,0
38882,0
38883,1
38884,1
38885,0
38886,0
38887,0
38888,0
38889,0
38890,1
38891,0
38892,0
38893,1
38894,0
38895,0
38896,0
38897,0
38898,0
38899,1
38900,0
38901,0
38902,0
38903,0
38904,0
38905,0
38906,1
38907,1
38908,0
38909,0
38910,0
38911,0
38912,0
38913,0
38914,0
38915,0
38916,1
38917,0
38918,0
38919,1
38920,0
38921,0
38922,0
38923,0
38924,1
38925,0
38926,0
38927,0
38928,1
38929,0
38930,1
38931,0
38932,0
38933,0
38934,1
38935,0
38936,0
38937,0
38938,0
38939,0
38940,0
38941,0
38942,1
38943,0
38944,0
38945,0
38946,1
38947,0
38948,0
38949,1
38950,0
38951,0
38952,0
38953,0
38954,0
38955,0
38956,0
38957,0
38958,0
38959,1
38960,0
38961,1
38962,0
38963,0
38964,0
38965,0
38966,0
38967,0
38968,1
38969,0
38970,0
38971,0
38972,0
38973,0
38974,0
38975,0
38976,0
38977,0
38978,1
38979,1
38980,0
38981,0
38982,0
38983,1
38984,0
38985,0
38986,0
38987,0
38988,1
38989,0
38990,0
38991,0
38992,0
38993,0
38994,0
38995,0
38996,0
38997,0
38998,0
38999,0
39000,0
39001,0
39002,0
39003,0
39004,0
39005,1
39006,0
39007,0
39008,0
39009,0
39010,0
39011,1
39012,0
39013,1
39014,0
39015,0
39016,0
39017,0
39018,0
39019,0
39020,0
39021,0
39022,0
39023,1
39024,1
39025,0
39026,0
39027,0
39028,0
39029,0
39030,0
39031,0
39032,0
39033,0
39034,1
39035,0
39036,0
39037,0
39038,0
39039,0
39040,0
39041,0
39042,0
39043,0
39044,1
39045,0
39046,1
39047,0
39048,0
39049,0
39050,0
39051,0
39052,1
39053,0
39054,1
39055,0
39056,1
39057,1
39058,0
39059,1
39060,0
39061,1
39062,0
39063,0
39064,0
39065,0
39066,1
39067,0
39068,1
39069,0
39070,1
39071,0
39072,0
39073,0
39074,0
39075,0
39076,0
39077,1
39078,0
39079,1
39080,0
39081,0
39082,0
39083,0
39084,1
39085,0
39086,0
39087,0
39088,0
39089,1
39090,0
39091,0
39092,0
39093,0
39094,0
39095,0
39096,0
39097,0
39098,0
39099,0
39100,1
39101,1
39102,0
39103,0
39104,0
39105,0
39106,0
39107,0
39108,1
39109,0
39110,0
39111,0
39112,1
39113,0
39114,0
39115,1
39116,0
39117,1
39118,1
39119,1
39120,0
39121,1
39122,0
39123,0
39124,0
39125,0
39126,0
39127,0
39128,0
39129,0
39130,0
39131,0
39132,0
39133,0
39134,0
39135,0
39136,0
39137,0
39138,0
39139,1
39140,0
39141,0
39142,0
39143,0
39144,0
39145,0
39146,0
39147,0
39148,0
39149,0
39150,0
39151,0
39152,0
39153,0
39154,0
39155,0
39156,1
39157,0
39158,0
39159,0
39160,1
39161,0
39162,0
39163,0
39164,1
39165,0
39166,1
39167,1
39168,0
39169,0
39170,0
39171,1
39172,0
39173,0
39174,0
39175,0
39176,0
39177,0
39178,1
39179,0
39180,0
39181,0
39182,0
39183,0
39184,0
39185,0
39186,0
39187,0
39188,0
39189,1
39190,0
39191,0
39192,0
39193,0
39194,0
39195,0
39196,0
39197,0
39198,0
39199,0
39200,1
39201,0
39202,0
39203,0
39204,0
39205,1
39206,1
39207,0
39208,0
39209,0
39210,0
39211,0
39212,0
39213,0
39214,0
39215,1
39216,0
39217,0
39218,0
39219,0
39220,1
39221,0
39222,1
39223,0
39224,0
39225,0
39226,0
39227,0
39228,1
39229,0
39230,1
39231,1
39232,1
39233,0
39234,0
39235,0
39236,0
39237,0
39238,0
39239,0
39240,0
39241,0
39242,1
39243,0
39244,0
39245,1
39246,0
39247,0
39248,1
39249,0
39250,0
39251,1
39252,0
39253,0
39254,0
39255,0
39256,0
39257,0
39258,1
39259,0
39260,0
39261,0
39262,0
39263,0
39264,0
39265,0
39266,0
39267,0
39268,0
39269,0
39270,0
39271,0
39272,0
39273,1
39274,0
39275,0
39276,0
39277,0
39278,0
39279,0
39280,0
39281,0
39282,0
39283,1
39284,0
39285,0
39286,0
39287,0
39288,0
39289,0
39290,0
39291,1
39292,0
39293,1
39294,0
39295,0
39296,0
39297,0
39298,0
39299,0
39300,0
39301,0
39302,1
39303,0
39304,1
39305,0
39306,0
39307,0
39308,0
39309,1
39310,0
39311,0
39312,0
39313,0
39314,1
39315,0
39316,0
39317,1
39318,0
39319,0
39320,0
39321,0
39322,0
39323,0
39324,0
39325,0
39326,0
39327,0
39328,0
39329,1
39330,1
39331,1
39332,0
39333,0
39334,1
39335,0
39336,1
39337,0
39338,0
39339,0
39340,0
39341,0
39342,0
39343,0
39344,0
39345,0
39346,0
39347,0
39348,0
39349,0
39350,0
39351,1
39352,0
39353,0
39354,1
39355,0
39356,0
39357,0
39358,0
39359,1
39360,0
39361,0
39362,0
39363,0
39364,0
39365,0
39366,0
39367,0
39368,0
39369,0
39370,0
39371,0
39372,0
39373,0
39374,0
39375,0
39376,0
39377,0
39378,1
39379,0
39380,0
39381,0
39382,1
39383,0
39384,0
39385,1
39386,0
39387,1
39388,0
39389,1
39390,1
39391,1
39392,0
39393,0
39394,0
39395,0
39396,0
39397,0
39398,0
39399,0
39400,0
39401,0
39402,0
39403,0
39404,0
39405,0
39406,0
39407,0
39408,0
39409,0
39410,0
39411,0
39412,0
39413,0
39414,0
39415,1
39416,0
39417,0
39418,0
39419,1
39420,1
39421,0
39422,0
39423,0
39424,0
39425,0
39426,0
39427,1
39428,0
39429,1
39430,1
39431,0
39432,0
39433,0
39434,0
39435,0
39436,0
39437,0
39438,0
39439,0
39440,0
39441,0
39442,0
39443,0
39444,0
39445,0
39446,0
39447,0
39448,0
39449,0
39450,0
39451,0
39452,0
39453,0
39454,1
39455,0
39456,0
39457,0
39458,0
39459,0
39460,0
39461,0
39462,0
39463,0
39464,0
39465,1
39466,0
39467,0
39468,0
39469,0
39470,0
39471,0
39472,0
39473,0
39474,0
39475,0
39476,0
39477,0
39478,0
39479,0
39480,1
39481,1
39482,0
39483,0
39484,0
39485,0
39486,0
39487,0
39488,1
39489,0
39490,1
39491,0
39492,1
39493,0
39494,1
39495,0
39496,0
39497,0
39498,1
39499,1
39500,0
39501,0
39502,0
39503,0
39504,0
39505,0
39506,0
39507,0
39508,0
39509,0
39510,0
39511,0
39512,0
39513,1
39514,0
39515,0
39516,1
39517,0
39518,0
39519,0
39520,0
39521,0
39522,0
39523,0
39524,1
39525,0
39526,0
39527,0
39528,0
39529,0
39530,0
39531,0
39532,0
39533,1
39534,0
39535,0
39536,0
39537,1
39538,0
39539,0
39540,0
39541,0
39542,0
39543,0
39544,0
39545,0
39546,0
39547,0
39548,1
39549,0
39550,1
39551,0
39552,0
39553,0
39554,0
39555,0
39556,0
39557,0
39558,0
39559,0
39560,1
39561,0
39562,0
39563,0
39564,0
39565,0
39566,0
39567,0
39568,0
39569,0
39570,0
39571,0
39572,0
39573,0
39574,0
39575,0
39576,0
39577,0
39578,1
39579,0
39580,0
39581,1
39582,0
39583,0
39584,0
39585,1
39586,1
39587,0
39588,0
39589,0
39590,0
39591,0
39592,0
39593,0
39594,0
39595,0
39596,0
39597,0
39598,0
39599,0
39600,1
39601,0
39602,0
39603,0
39604,0
39605,0
39606,0
39607,0
39608,0
39609,1
39610,1
39611,0
39612,0
39613,1
39614,0
39615,0
39616,0
39617,0
39618,0
39619,1
39620,1
39621,0
39622,0
39623,1
39624,1
39625,1
39626,0
39627,0
39628,1
39629,0
39630,0
39631,1
39632,0
39633,1
39634,0
39635,1
39636,0
39637,0
39638,0
39639,0
39640,0
39641,0
39642,1
39643,0
39644,0
39645,0
39646,1
39647,0
39648,1
39649,0
39650,1
39651,0
39652,0
39653,0
39654,0
39655,0
39656,0
39657,0
39658,0
39659,1
39660,0
39661,0
39662,0
39663,0
39664,0
39665,0
39666,1
39667,0
39668,0
39669,0
39670,1
39671,0
39672,0
39673,0
39674,0
39675,0
39676,0
39677,0
39678,0
39679,0
39680,1
39681,0
39682,0
39683,0
39684,0
39685,0
39686,0
39687,1
39688,0
39689,0
39690,0
39691,0
39692,0
39693,0
39694,0
39695,0
39696,0
39697,0
39698,0
39699,0
39700,1
39701,0
39702,0
39703,0
39704,0
39705,0
39706,0
39707,0
39708,0
39709,0
39710,0
39711,0
39712,0
39713,0
39714,0
39715,0
39716,0
39717,0
39718,0
39719,0
39720,1
39721,0
39722,1
39723,0
39724,0
39725,0
39726,1
39727,0
39728,0
39729,0
39730,0
39731,0
39732,0
39733,0
39734,0
39735,0
39736,1
39737,0
39738,0
39739,1
39740,0
39741,0
39742,0
39743,0
39744,0
39745,0
39746,0
39747,1
39748,0
39749,0
39750,0
39751,0
39752,0
39753,0
39754,0
39755,0
39756,0
39757,0
39758,0
39759,0
39760,0
39761,0
39762,0
39763,0
39764,0
39765,1
39766,0
39767,0
39768,0
39769,1
39770,0
39771,0
39772,0
39773,0
39774,0
39775,0
39776,0
39777,0
39778,0
39779,0
39780,0
39781,0
39782,0
39783,0
39784,0
39785,0
39786,0
39787,0
39788,0
39789,0
39790,0
39791,0
39792,0
39793,0
39794,0
39795,0
39796,0
39797,1
39798,0
39799,1
39800,1
39801,0
39802,0
39803,0
39804,0
39805,0
39806,1
39807,0
39808,0
39809,0
39810,0
39811,0
39812,0
39813,1
39814,0
39815,0
39816,1
39817,0
39818,0
39819,0
39820,0
39821,0
39822,0
39823,1
39824,0
39825,0
39826,0
39827,0
39828,1
39829,0
39830,0
39831,0
39832,1
39833,0
39834,1
39835,0
39836,0
39837,1
39838,0
39839,0
39840,0
39841,0
39842,0
39843,0
39844,0
39845,1
39846,0
39847,0
39848,0
39849,0
39850,1
39851,0
39852,0
39853,0
39854,1
39855,0
39856,0
39857,1
39858,1
39859,0
39860,0
39861,0
39862,0
39863,1
39864,0
39865,1
39866,0
39867,1
39868,0
39869,0
39870,0
39871,1
39872,0
39873,0
39874,0
39875,0
39876,0
39877,0
39878,1
39879,0
39880,0
39881,0
39882,0
39883,0
39884,0
39885,0
39886,0
39887,1
39888,0
39889,0
39890,0
39891,1
39892,0
39893,0
39894,0
39895,0
39896,0
39897,0
39898,0
39899,0
39900,0
39901,0
39902,0
39903,0
39904,0
39905,0
39906,1
39907,0
39908,0
39909,0
39910,0
39911,0
39912,0
39913,0
39914,1
39915,0
39916,1
39917,1
39918,0
39919,0
39920,0
39921,0
39922,0
39923,0
39924,0
39925,0
39926,0
39927,0
39928,0
39929,0
39930,0
39931,1
39932,0
39933,0
39934,0
39935,0
39936,0
39937,0
39938,0
39939,0
39940,0
39941,0
39942,1
39943,0
39944,0
39945,0
39946,0
39947,0
39948,0
39949,0
39950,1
39951,1
39952,0
39953,1
39954,0
39955,0
39956,0
39957,0
39958,0
39959,0
39960,0
39961,0
39962,1
39963,0
39964,0
39965,0
39966,0
39967,0
39968,0
39969,0
39970,0
39971,0
39972,0
39973,0
39974,0
39975,0
39976,0
39977,1
39978,0
39979,1
39980,0
39981,0
39982,0
39983,0
39984,0
39985,0
39986,0
39987,0
39988,0
39989,0
39990,1
39991,1
39992,0
39993,0
39994,0
39995,0
39996,0
39997,0
39998,0
39999,1
40000,0
40001,0
40002,0
40003,0
40004,1
40005,0
40006,0
40007,0
40008,0
40009,0
40010,0
40011,1
40012,0
40013,1
40014,0
40015,0
40016,0
40017,0
40018,0
40019,0
40020,1
40021,1
40022,1
40023,0
40024,1
40025,1
40026,1
40027,0
40028,0
40029,0
40030,0
40031,0
40032,0
40033,0
40034,0
40035,0
40036,1
40037,0
40038,0
40039,0
40040,0
40041,0
40042,0
40043,1
40044,1
40045,0
40046,0
40047,0
40048,1
40049,0
40050,0
40051,0
40052,1
40053,0
40054,0
40055,1
40056,0
40057,0
40058,0
40059,0
40060,0
40061,0
40062,0
40063,0
40064,1
40065,0
40066,1
40067,0
40068,1
40069,0
40070,1
40071,1
40072,0
40073,0
40074,0
40075,0
40076,0
40077,0
40078,0
40079,1
40080,0
40081,0
40082,1
40083,1
40084,0
40085,0
40086,0
40087,1
40088,0
40089,1
40090,0
40091,0
40092,0
40093,0
40094,0
40095,0
40096,0
40097,0
40098,0
40099,0
40100,0
40101,0
40102,0
40103,0
40104,1
40105,0
40106,0
40107,0
40108,0
40109,0
40110,0
40111,0
40112,0
40113,0
40114,0
40115,1
40116,0
40117,0
40118,0
40119,0
40120,1
40121,0
40122,1
40123,0
40124,0
40125,0
40126,0
40127,0
40128,1
40129,0
40130,0
40131,0
40132,0
40133,1
40134,0
40135,0
40136,0
40137,0
40138,0
40139,0
40140,0
40141,1
40142,0
40143,0
40144,0
40145,1
40146,1
40147,0
40148,0
40149,0
40150,0
40151,0
40152,1
40153,0
40154,0
40155,1
40156,0
40157,0
40158,0
40159,0
40160,0
40161,1
40162,1
40163,0
40164,0
40165,0
40166,0
40167,0
40168,1
40169,1
40170,0
40171,0
40172,1
40173,0
40174,0
40175,0
40176,0
40177,0
40178,0
40179,0
40180,0
40181,0
40182,0
40183,0
40184,0
40185,0
40186,0
40187,1
40188,0
40189,0
40190,0
40191,0
40192,0
40193,0
40194,0
40195,0
40196,0
40197,0
40198,0
40199,0
40200,0
40201,0
40202,0
40203,0
40204,0
40205,0
40206,0
40207,1
40208,0
40209,0
40210,0
40211,0
40212,0
40213,0
40214,1
40215,1
40216,0
40217,0
40218,0
40219,0
40220,0
40221,0
40222,0
40223,1
40224,0
40225,0
40226,0
40227,0
40228,0
40229,0
40230,0
40231,0
40232,0
40233,1
40234,0
40235,1
40236,0
40237,1
40238,0
40239,1
40240,0
40241,0
40242,0
40243,1
40244,1
40245,0
40246,0
40247,0
40248,0
40249,0
40250,0
40251,0
40252,0
40253,0
40254,0
40255,1
40256,1
40257,0
40258,1
40259,0
40260,0
40261,0
40262,0
40263,0
40264,0
40265,0
40266,0
40267,0
40268,1
40269,0
40270,0
40271,0
40272,0
40273,0
40274,1
40275,0
40276,1
40277,0
40278,0
40279,0
40280,0
40281,0
40282,1
40283,1
40284,0
40285,0
40286,0
40287,0
40288,0
40289,0
40290,0
40291,0
40292,0
40293,0
40294,1
40295,0
40296,0
40297,1
40298,0
40299,0
40300,0
40301,0
40302,0
40303,0
40304,0
40305,0
40306,0
40307,1
40308,0
40309,0
40310,0
40311,0
40312,0
40313,0
40314,0
40315,1
40316,0
40317,0
40318,0
40319,0
40320,0
40321,0
40322,0
40323,0
40324,0
40325,1
40326,1
40327,0
40328,1
40329,0
40330,1
40331,0
40332,0
40333,1
40334,1
40335,1
40336,0
40337,1
40338,0
40339,0
40340,0
40341,0
40342,1
40343,0
40344,0
40345,0
40346,0
40347,0
40348,0
40349,0
40350,0
40351,0
40352,0
40353,0
40354,0
40355,0
40356,0
40357,0
40358,0
40359,0
40360,1
40361,0
40362,0
40363,0
40364,1
40365,0
40366,0
40367,0
40368,0
40369,1
40370,0
40371,0
40372,0
40373,0
40374,0
40375,0
40376,0
40377,0
40378,0
40379,0
40380,0
40381,0
40382,1
40383,0
40384,0
40385,0
40386,0
40387,0
40388,1
40389,0
40390,0
40391,0
40392,0
40393,1
40394,0
40395,0
40396,0
40397,0
40398,0
40399,0
40400,1
40401,0
40402,0
40403,1
40404,0
40405,0
40406,0
40407,0
40408,0
40409,0
40410,0
40411,0
40412,0
40413,1
40414,1
40415,0
40416,0
40417,1
40418,0
40419,0
40420,0
40421,0
40422,1
40423,0
40424,0
40425,1
40426,0
40427,0
40428,0
40429,0
40430,0
40431,0
40432,0
40433,0
40434,0
40435,0
40436,0
40437,0
40438,0
40439,0
40440,0
40441,0
40442,0
40443,0
40444,0
40445,1
40446,0
40447,0
40448,0
40449,0
40450,0
40451,1
40452,1
40453,0
40454,0
40455,1
40456,1
40457,0
40458,0
40459,0
40460,0
40461,0
40462,1
40463,1
40464,0
40465,0
40466,1
40467,0
40468,1
40469,0
40470,0
40471,1
40472,1
40473,0
40474,0
40475,0
40476,0
40477,0
40478,0
40479,0
40480,1
40481,0
40482,0
40483,0
40484,0
40485,1
40486,0
40487,0
40488,0
40489,0
40490,0
40491,0
40492,0
40493,0
40494,0
40495,0
40496,0
40497,0
40498,0
40499,0
40500,1
40501,0
40502,0
40503,0
40504,0
40505,0
40506,0
40507,0
40508,0
40509,0
40510,0
40511,1
40512,1
40513,0
40514,1
40515,0
40516,0
40517,0
40518,0
40519,0
40520,0
40521,0
40522,0
40523,1
40524,0
40525,0
40526,0
40527,0
40528,1
40529,0
40530,1
40531,0
40532,0
40533,0
40534,0
40535,0
40536,0
40537,1
40538,0
40539,0
40540,0
40541,0
40542,1
40543,0
40544,0
40545,0
40546,1
40547,0
40548,0
40549,1
40550,1
40551,0
40552,0
40553,0
40554,1
40555,0
40556,1
40557,0
40558,1
40559,1
40560,0
40561,0
40562,1
40563,0
40564,1
40565,1
40566,0
40567,1
40568,0
40569,1
40570,0
40571,0
40572,0
40573,1
40574,1
40575,0
40576,0
40577,0
40578,0
40579,0
40580,1
40581,0
40582,1
40583,0
40584,0
40585,1
40586,0
40587,0
40588,0
40589,0
40590,1
40591,0
40592,0
40593,0
40594,0
40595,1
40596,0
40597,0
40598,0
40599,0
40600,0
40601,0
40602,1
40603,1
40604,0
40605,0
40606,1
40607,0
40608,0
40609,0
40610,1
40611,0
40612,0
40613,0
40614,0
40615,0
40616,0
40617,0
40618,1
40619,0
40620,0
40621,0
40622,0
40623,0
40624,0
40625,0
40626,0
40627,0
40628,0
40629,0
40630,0
40631,1
40632,0
40633,0
40634,0
40635,0
40636,1
40637,0
40638,0
40639,1
40640,1
40641,1
40642,1
40643,0
40644,0
40645,0
40646,0
40647,0
40648,1
40649,1
40650,0
40651,1
40652,1
40653,0
40654,0
40655,1
40656,0
40657,0
40658,1
40659,0
40660,0
40661,1
40662,0
40663,0
40664,0
40665,0
40666,1
40667,0
40668,1
40669,0
40670,1
40671,0
40672,0
40673,0
40674,0
40675,0
40676,0
40677,0
40678,0
40679,0
40680,1
40681,0
40682,1
40683,1
40684,1
40685,0
40686,0
40687,0
40688,0
40689,1
40690,0
40691,1
40692,0
40693,0
40694,0
40695,0
40696,0
40697,0
40698,1
40699,0
40700,0
40701,0
40702,0
40703,0
40704,0
40705,0
40706,0
40707,1
40708,1
40709,0
40710,0
40711,0
40712,0
40713,0
40714,0
40715,0
40716,0
40717,0
40718,0
40719,0
40720,0
40721,1
40722,0
40723,0
40724,0
40725,0
40726,0
40727,0
40728,1
40729,0
40730,0
40731,0
40732,0
40733,0
40734,1
40735,0
40736,0
40737,0
40738,0
40739,0
40740,0
40741,1
40742,0
40743,0
40744,0
40745,0
40746,0
40747,0
40748,0
40749,0
40750,0
40751,0
40752,0
40753,1
40754,0
40755,0
40756,0
40757,0
40758,0
40759,0
40760,0
40761,0
40762,0
40763,0
40764,1
40765,1
40766,0
40767,0
40768,0
40769,1
40770,0
40771,0
40772,1
40773,0
40774,0
40775,0
40776,0
40777,0
40778,0
40779,0
40780,0
40781,0
40782,0
40783,0
40784,0
40785,1
40786,1
40787,0
40788,1
40789,1
40790,0
40791,1
40792,0
40793,0
40794,1
40795,0
40796,0
40797,0
40798,0
40799,0
40800,0
40801,0
40802,0
40803,0
40804,0
40805,0
40806,0
40807,0
40808,0
40809,0
40810,0
40811,0
40812,0
40813,1
40814,0
40815,0
40816,0
40817,0
40818,0
40819,1
40820,0
40821,0
40822,0
40823,0
40824,0
40825,0
40826,0
40827,0
40828,0
40829,1
40830,0
40831,0
40832,0
40833,0
40834,0
40835,0
40836,0
40837,0
40838,0
40839,0
40840,0
40841,0
40842,1
40843,0
40844,1
40845,1
40846,1
40847,0
40848,1
40849,1
40850,0
40851,0
40852,0
40853,0
40854,0
40855,0
40856,0
40857,0
40858,0
40859,1
40860,0
40861,1
40862,0
40863,0
40864,0
40865,0
40866,0
40867,1
40868,0
40869,1
40870,0
40871,0
40872,0
40873,0
40874,0
40875,0
40876,0
40877,0
40878,0
40879,0
40880,0
40881,1
40882,1
40883,0
40884,1
40885,0
40886,0
40887,0
40888,1
40889,0
40890,0
40891,0
40892,0
40893,1
40894,0
40895,1
40896,1
40897,0
40898,0
40899,0
40900,0
40901,1
40902,0
40903,0
40904,0
40905,0
40906,0
40907,0
40908,0
40909,1
40910,1
40911,0
40912,0
40913,0
40914,1
40915,1
40916,0
40917,0
40918,0
40919,0
40920,0
40921,1
40922,0
40923,1
40924,0
40925,0
40926,0
40927,0
40928,0
40929,0
40930,0
40931,1
40932,1
40933,0
40934,0
40935,1
40936,1
40937,1
40938,1
40939,0
40940,1
40941,0
40942,0
40943,0
40944,0
40945,0
40946,0
40947,0
40948,0
40949,0
40950,0
40951,0
40952,0
40953,0
40954,1
40955,1
40956,0
40957,0
40958,0
40959,0
40960,0
40961,1
40962,0
40963,0
40964,0
40965,0
40966,0
40967,0
40968,0
40969,0
40970,0
40971,1
40972,0
40973,0
40974,0
40975,0
40976,1
40977,1
40978,0
40979,1
40980,0
40981,0
40982,0
40983,0
40984,1
40985,0
40986,0
40987,0
40988,0
40989,0
40990,0
40991,0
40992,0
40993,0
40994,0
40995,0
40996,0
40997,0
40998,0
40999,1
41000,1
41001,0
41002,0
41003,0
41004,0
41005,0
41006,0
41007,1
41008,0
41009,0
41010,0
41011,0
41012,0
41013,0
41014,1
41015,0
41016,0
41017,0
41018,0
41019,1
41020,0
41021,1
41022,0
41023,0
41024,0
41025,0
41026,0
41027,0
41028,0
41029,0
41030,0
41031,0
41032,0
41033,0
41034,0
41035,0
41036,0
41037,1
41038,0
41039,0
41040,0
41041,0
41042,0
41043,1
41044,0
41045,0
41046,0
41047,0
41048,0
41049,0
41050,1
41051,0
41052,0
41053,0
41054,0
41055,0
41056,0
41057,0
41058,0
41059,0
41060,1
41061,0
41062,0
41063,1
41064,0
41065,0
41066,1
41067,0
41068,0
41069,1
41070,0
41071,0
41072,0
41073,0
41074,0
41075,0
41076,0
41077,1
41078,0
41079,0
41080,0
41081,0
41082,0
41083,0
41084,0
41085,1
41086,1
41087,0
41088,0
41089,0
41090,0
41091,0
41092,1
41093,0
41094,0
41095,0
41096,0
41097,0
41098,0
41099,1
41100,1
41101,0
41102,0
41103,0
41104,1
41105,0
41106,0
41107,0
41108,0
41109,0
41110,0
41111,1
41112,0
41113,1
41114,0
41115,0
41116,0
41117,0
41118,0
41119,0
41120,0
41121,0
41122,0
41123,1
41124,0
41125,1
41126,0
41127,1
41128,0
41129,0
41130,0
41131,1
41132,1
41133,1
41134,1
41135,0
41136,0
41137,0
41138,0
41139,0
41140,0
41141,0
41142,1
41143,1
41144,0
41145,0
41146,1
41147,1
41148,0
41149,0
41150,1
41151,0
41152,1
41153,0
41154,0
41155,0
41156,0
41157,0
41158,0
41159,0
41160,0
41161,0
41162,0
41163,0
41164,0
41165,1
41166,0
41167,0
41168,0
41169,0
41170,0
41171,0
41172,0
41173,0
41174,0
41175,0
41176,0
41177,0
41178,0
41179,0
41180,0
41181,1
41182,0
41183,0
41184,0
41185,1
41186,0
41187,0
41188,0
41189,0
41190,1
41191,0
41192,0
41193,0
41194,0
41195,0
41196,0
41197,1
41198,1
41199,0
41200,0
41201,1
41202,0
41203,0
41204,1
41205,0
41206,0
41207,0
41208,0
41209,0
41210,0
41211,0
41212,0
41213,0
41214,0
41215,0
41216,0
41217,0
41218,0
41219,0
41220,0
41221,0
41222,0
41223,1
41224,0
41225,1
41226,1
41227,0
41228,0
41229,0
41230,0
41231,0
41232,0
41233,0
41234,0
41235,0
41236,0
41237,0
41238,1
41239,0
41240,0
41241,0
41242,0
41243,0
41244,0
41245,0
41246,0
41247,1
41248,0
41249,0
41250,0
41251,0
41252,0
41253,0
41254,0
41255,0
41256,0
41257,0
41258,0
41259,0
41260,0
41261,0
41262,0
41263,1
41264,0
41265,1
41266,0
41267,0
41268,0
41269,0
41270,1
41271,0
41272,0
41273,1
41274,0
41275,0
41276,0
41277,0
41278,0
41279,0
41280,0
41281,0
41282,0
41283,1
41284,0
41285,1
41286,0
41287,1
41288,0
41289,0
41290,0
41291,0
41292,0
41293,0
41294,0
41295,0
41296,0
41297,0
41298,0
41299,1
41300,0
41301,1
41302,0
41303,1
41304,0
41305,0
41306,0
41307,0
41308,0
41309,0
41310,0
41311,0
41312,1
41313,0
41314,0
41315,0
41316,1
41317,0
41318,0
41319,0
41320,1
41321,0
41322,1
41323,1
41324,1
41325,0
41326,0
41327,0
41328,0
41329,0
41330,0
41331,0
41332,0
41333,0
41334,0
41335,0
41336,0
41337,0
41338,1
41339,0
41340,0
41341,1
41342,0
41343,0
41344,1
41345,0
41346,0
41347,0
41348,1
41349,1
41350,0
41351,0
41352,0
41353,0
41354,1
41355,0
41356,0
41357,0
41358,1
41359,1
41360,0
41361,0
41362,1
41363,0
41364,0
41365,0
41366,0
41367,0
41368,0
41369,0
41370,1
41371,0
41372,0
41373,1
41374,1
41375,0
41376,0
41377,0
41378,0
41379,0
41380,1
41381,1
41382,0
41383,0
41384,1
41385,1
41386,0
41387,1
41388,1
41389,1
41390,0
41391,0
41392,1
41393,0
41394,0
41395,0
41396,1
41397,0
41398,0
41399,0
41400,0
41401,0
41402,1
41403,1
41404,0
41405,0
41406,0
41407,0
41408,1
41409,1
41410,0
41411,0
41412,0
41413,0
41414,0
41415,0
41416,0
41417,0
41418,0
41419,0
41420,0
41421,0
41422,0
41423,0
41424,1
41425,0
41426,0
41427,0
41428,0
41429,0
41430,0
41431,0
41432,0
41433,0
41434,0
41435,1
41436,0
41437,0
41438,0
41439,0
41440,1
41441,0
41442,0
41443,0
41444,0
41445,1
41446,0
41447,0
41448,1
41449,0
41450,0
41451,0
41452,0
41453,0
41454,0
41455,1
41456,0
41457,1
41458,0
41459,0
41460,1
41461,0
41462,0
41463,0
41464,0
41465,0
41466,0
41467,0
41468,0
41469,0
41470,0
41471,0
41472,0
41473,0
41474,0
41475,0
41476,0
41477,0
41478,0
41479,0
41480,0
41481,0
41482,0
41483,0
41484,0
41485,0
41486,0
41487,0
41488,0
41489,0
41490,0
41491,0
41492,0
41493,1
41494,0
41495,0
41496,0
41497,1
41498,0
41499,0
41500,0
41501,0
41502,0
41503,0
41504,0
41505,0
41506,0
41507,1
41508,0
41509,1
41510,0
41511,0
41512,0
41513,0
41514,1
41515,0
41516,0
41517,0
41518,1
41519,0
41520,0
41521,1
41522,0
41523,1
41524,0
41525,0
41526,0
41527,1
41528,0
41529,0
41530,0
41531,0
41532,0
41533,0
41534,0
41535,1
41536,0
41537,0
41538,0
41539,0
41540,0
41541,0
41542,0
41543,0
41544,0
41545,0
41546,0
41547,0
41548,0
41549,0
41550,0
41551,0
41552,0
41553,0
41554,0
41555,1
41556,1
41557,1
41558,0
41559,0
41560,0
41561,1
41562,0
41563,0
41564,1
41565,0
41566,1
41567,0
41568,0
41569,0
41570,0
41571,1
41572,0
41573,0
41574,0
41575,0
41576,0
41577,0
41578,1
41579,1
41580,1
41581,0
41582,0
41583,0
41584,0
41585,0
41586,0
41587,0
41588,0
41589,0
41590,0
41591,1
41592,0
41593,0
41594,0
41595,0
41596,0
41597,1
41598,0
41599,1
41600,0
41601,0
41602,0
41603,0
41604,0
41605,0
41606,0
41607,0
41608,1
41609,0
41610,0
41611,0
41612,1
41613,0
41614,0
41615,0
41616,0
41617,0
41618,0
41619,0
41620,0
41621,0
41622,0
41623,0
41624,1
41625,1
41626,0
41627,0
41628,0
41629,0
41630,0
41631,1
41632,1
41633,0
41634,0
41635,1
41636,0
41637,0
41638,0
41639,0
41640,0
41641,0
41642,0
41643,0
41644,0
41645,0
41646,1
41647,1
41648,0
41649,0
41650,0
41651,0
41652,0
41653,0
41654,0
41655,1
41656,1
41657,0
41658,0
41659,0
41660,1
41661,0
41662,1
41663,0
41664,0
41665,1
41666,0
41667,0
41668,0
41669,1
41670,1
41671,1
41672,0
41673,0
41674,0
41675,1
41676,0
41677,0
41678,0
41679,0
41680,0
41681,0
41682,1
41683,1
41684,0
41685,0
41686,0
41687,0
41688,1
41689,0
41690,0
41691,0
41692,1
41693,0
41694,0
41695,0
41696,0
41697,0
41698,0
41699,0
41700,0
41701,1
41702,0
41703,0
41704,0
41705,0
41706,0
41707,0
41708,0
41709,0
41710,0
41711,0
41712,0
41713,1
41714,0
41715,0
41716,1
41717,0
41718,0
41719,0
41720,0
41721,0
41722,0
41723,0
41724,0
41725,0
41726,0
41727,1
41728,0
41729,0
41730,0
41731,0
41732,1
41733,0
41734,1
41735,0
41736,0
41737,0
41738,0
41739,0
41740,0
41741,1
41742,1
41743,0
41744,0
41745,0
41746,0
41747,0
41748,0
41749,0
41750,0
41751,0
41752,0
41753,0
41754,0
41755,0
41756,0
41757,1
41758,0
41759,0
41760,0
41761,0
41762,0
41763,0
41764,0
41765,1
41766,0
41767,0
41768,0
41769,0
41770,0
41771,0
41772,1
41773,0
41774,0
41775,0
41776,0
41777,0
41778,0
41779,0
41780,0
41781,1
41782,1
41783,0
41784,1
41785,0
41786,1
41787,0
41788,0
41789,0
41790,0
41791,1
41792,0
41793,0
41794,0
41795,0
41796,0
41797,0
41798,0
41799,1
41800,0
41801,0
41802,1
41803,0
41804,0
41805,0
41806,0
41807,0
41808,1
41809,0
41810,0
41811,0
41812,0
41813,0
41814,0
41815,0
41816,1
41817,0
41818,0
41819,1
41820,0
41821,0
41822,0
41823,1
41824,0
41825,0
41826,0
41827,0
41828,0
41829,0
41830,1
41831,1
41832,0
41833,0
41834,1
41835,0
41836,0
41837,0
41838,0
41839,0
41840,0
41841,0
41842,0
41843,0
41844,0
41845,0
41846,0
41847,0
41848,0
41849,0
41850,0
41851,0
41852,0
41853,1
41854,0
41855,0
41856,0
41857,0
41858,0
41859,0
41860,0
41861,0
41862,0
41863,0
41864,0
41865,0
41866,0
41867,0
41868,0
41869,1
41870,0
41871,0
41872,0
41873,0
41874,0
41875,0
41876,1
41877,0
41878,0
41879,0
41880,0
41881,0
41882,0
41883,0
41884,0
41885,1
41886,1
41887,1
41888,1
41889,1
41890,0
41891,0
41892,0
41893,0
41894,0
41895,0
41896,0
41897,0
41898,0
41899,1
41900,0
41901,1
41902,0
41903,0
41904,0
41905,0
41906,1
41907,1
41908,0
41909,0
41910,1
41911,1
41912,0
41913,0
41914,0
41915,0
41916,0
41917,0
41918,1
41919,1
41920,0
41921,1
41922,0
41923,1
41924,0
41925,0
41926,0
41927,0
41928,0
41929,0
41930,1
41931,1
41932,1
41933,0
41934,0
41935,0
41936,1
41937,0
41938,0
41939,0
41940,0
41941,0
41942,0
41943,0
41944,0
41945,0
41946,1
41947,1
41948,1
41949,0
41950,0
41951,0
41952,1
41953,0
41954,0
41955,0
41956,1
41957,0
41958,0
41959,1
41960,0
41961,0
41962,1
41963,1
41964,0
41965,0
41966,0
41967,0
41968,0
41969,0
41970,0
41971,0
41972,0
41973,0
41974,0
41975,0
41976,1
41977,0
41978,0
41979,1
41980,0
41981,0
41982,0
41983,0
41984,1
41985,0
41986,1
41987,0
41988,0
41989,0
41990,1
41991,0
41992,0
41993,0
41994,0
41995,1
41996,0
41997,0
41998,1
41999,1
42000,0
42001,0
42002,0
42003,0
42004,0
42005,0
42006,1
42007,0
42008,0
42009,0
42010,0
42011,0
42012,0
42013,0
42014,1
42015,0
42016,1
42017,0
42018,1
42019,0
42020,0
42021,0
42022,0
42023,1
42024,0
42025,0
42026,0
42027,0
42028,1
42029,0
42030,0
42031,0
42032,0
42033,0
42034,0
42035,0
42036,0
42037,0
42038,0
42039,0
42040,0
42041,0
42042,0
42043,0
42044,0
42045,0
42046,0
42047,0
42048,0
42049,0
42050,0
42051,0
42052,0
42053,0
42054,0
42055,0
42056,0
42057,0
42058,0
42059,0
42060,0
42061,0
42062,0
42063,1
42064,1
42065,0
42066,0
42067,0
42068,0
42069,0
42070,1
42071,0
42072,0
42073,0
42074,0
42075,0
42076,0
42077,0
42078,0
42079,0
42080,0
42081,0
42082,0
42083,0
42084,0
42085,0
42086,0
42087,0
42088,0
42089,1
42090,0
42091,0
42092,1
42093,0
42094,0
42095,0
42096,1
42097,0
42098,1
42099,1
42100,0
42101,0
42102,0
42103,0
42104,0
42105,1
42106,0
42107,0
42108,0
42109,0
42110,0
42111,0
42112,0
42113,1
42114,0
42115,0
42116,0
42117,0
42118,0
42119,0
42120,0
42121,0
42122,0
42123,0
42124,0
42125,0
42126,0
42127,0
42128,0
42129,0
42130,0
42131,0
42132,0
42133,0
42134,0
42135,0
42136,0
42137,0
42138,0
42139,1
42140,1
42141,0
42142,0
42143,0
42144,0
42145,0
42146,0
42147,1
42148,0
42149,1
42150,0
42151,1
42152,1
42153,1
42154,1
42155,0
42156,0
42157,0
42158,0
42159,0
42160,0
42161,1
42162,0
42163,0
42164,0
42165,1
42166,0
42167,0
42168,0
42169,1
42170,1
42171,1
42172,0
42173,0
42174,0
42175,0
42176,0
42177,1
42178,1
42179,0
42180,0
42181,0
42182,1
42183,0
42184,0
42185,0
42186,0
42187,0
42188,0
42189,0
42190,0
42191,0
42192,0
42193,0
42194,0
42195,0
42196,0
42197,0
42198,0
42199,0
42200,0
42201,0
42202,0
42203,0
42204,0
42205,0
42206,0
42207,0
42208,0
42209,0
42210,0
42211,0
42212,0
42213,0
42214,0
42215,1
42216,0
42217,0
42218,0
42219,0
42220,1
42221,0
42222,1
42223,1
42224,0
42225,1
42226,0
42227,0
42228,0
42229,0
42230,0
42231,0
42232,1
42233,0
42234,1
42235,0
42236,0
42237,1
42238,0
42239,0
42240,0
42241,0
42242,0
42243,0
42244,1
42245,0
42246,1
42247,0
42248,0
42249,0
42250,0
42251,0
42252,1
42253,0
42254,1
42255,0
42256,0
42257,0
42258,0
42259,0
42260,0
42261,0
42262,0
42263,0
42264,0
42265,0
42266,0
42267,0
42268,0
42269,0
42270,0
42271,0
42272,0
42273,0
42274,0
42275,0
42276,0
42277,0
42278,0
42279,0
42280,0
42281,0
42282,0
42283,1
42284,1
42285,0
42286,0
42287,1
42288,0
42289,1
42290,1
42291,0
42292,0
42293,0
42294,0
42295,0
42296,0
42297,0
42298,0
42299,0
42300,0
42301,0
42302,0
42303,0
42304,0
42305,0
42306,0
42307,0
42308,0
42309,1
42310,1
42311,0
42312,1
42313,0
42314,1
42315,0
42316,0
42317,0
42318,0
42319,0
42320,0
42321,1
42322,0
42323,0
42324,1
42325,0
42326,1
42327,0
42328,0
42329,1
42330,0
42331,0
42332,1
42333,1
42334,0
42335,0
42336,0
42337,0
42338,1
42339,1
42340,1
42341,0
42342,0
42343,0
42344,0
42345,0
42346,0
42347,0
42348,0
42349,0
42350,0
42351,0
42352,0
42353,0
42354,0
42355,0
42356,0
42357,0
42358,0
42359,0
42360,0
42361,1
42362,1
42363,0
42364,0
42365,1
42366,0
42367,0
42368,0
42369,0
42370,1
42371,0
42372,0
42373,0
42374,0
42375,0
42376,0
42377,0
42378,0
42379,1
42380,0
42381,0
42382,0
42383,0
42384,0
42385,0
42386,0
42387,0
42388,0
42389,1
42390,1
42391,0
42392,0
42393,1
42394,0
42395,0
42396,0
42397,0
42398,0
42399,0
42400,1
42401,0
42402,0
42403,1
42404,0
42405,0
42406,0
42407,0
42408,0
42409,0
42410,0
42411,0
42412,0
42413,0
42414,0
42415,0
42416,0
42417,1
42418,0
42419,0
42420,0
42421,0
42422,1
42423,0
42424,0
42425,1
42426,0
42427,0
42428,0
42429,1
42430,0
42431,1
42432,0
42433,0
42434,0
42435,0
42436,0
42437,0
42438,0
42439,0
42440,0
42441,0
42442,0
42443,0
42444,0
42445,0
42446,0
42447,0
42448,0
42449,0
42450,1
42451,0
42452,0
42453,0
42454,0
42455,0
42456,0
42457,0
42458,0
42459,0
42460,1
42461,0
42462,1
42463,0
42464,0
42465,0
42466,0
42467,0
42468,1
42469,0
42470,1
42471,0
42472,1
42473,0
42474,0
42475,0
42476,0
42477,0
42478,0
42479,0
42480,0
42481,1
42482,0
42483,0
42484,0
42485,1
42486,1
42487,1
42488,0
42489,0
42490,0
42491,0
42492,0
42493,0
42494,0
42495,0
42496,0
42497,0
42498,0
42499,0
42500,0
42501,1
42502,0
42503,0
42504,0
42505,1
42506,0
42507,0
42508,0
42509,0
42510,0
42511,0
42512,0
42513,0
42514,1
42515,0
42516,0
42517,0
42518,0
42519,1
42520,0
42521,0
42522,0
42523,0
42524,1
42525,1
42526,0
42527,0
42528,0
42529,1
42530,0
42531,0
42532,0
42533,0
42534,0
42535,0
42536,0
42537,1
42538,1
42539,0
42540,0
42541,1
42542,0
42543,0
42544,0
42545,0
42546,0
42547,1
42548,1
42549,0
42550,0
42551,0
42552,0
42553,0
42554,0
42555,1
42556,0
42557,0
42558,0
42559,0
42560,0
42561,0
42562,0
42563,0
42564,0
42565,0
42566,0
42567,0
42568,0
42569,1
42570,0
42571,0
42572,0
42573,0
42574,0
42575,1
42576,0
42577,0
42578,0
42579,0
42580,1
42581,0
42582,0
42583,0
42584,0
42585,0
42586,1
42587,0
42588,0
42589,0
42590,0
42591,0
42592,0
42593,1
42594,0
42595,0
42596,0
42597,0
42598,0
42599,0
42600,0
42601,1
42602,0
42603,0
42604,0
42605,1
42606,0
42607,0
42608,0
42609,0
42610,0
42611,0
42612,0
42613,0
42614,0
42615,0
42616,0
42617,0
42618,1
42619,0
42620,0
42621,0
42622,1
42623,0
42624,0
42625,0
42626,1
42627,0
42628,0
42629,0
42630,0
42631,0
42632,0
42633,0
42634,0
42635,0
42636,0
42637,0
42638,0
42639,0
42640,0
42641,0
42642,0
42643,1
42644,0
42645,0
42646,1
42647,0
42648,0
42649,1
42650,0
42651,0
42652,0
42653,0
42654,0
42655,0
42656,0
42657,0
42658,0
42659,0
42660,0
42661,0
42662,0
42663,0
42664,0
42665,1
42666,1
42667,1
42668,0
42669,0
42670,0
42671,0
42672,1
42673,0
42674,0
42675,0
42676,1
42677,0
42678,0
42679,0
42680,0
42681,0
42682,0
42683,0
42684,0
42685,0
42686,0
42687,1
42688,0
42689,0
42690,0
42691,0
42692,0
42693,1
42694,0
42695,0
42696,0
42697,1
42698,1
42699,0
42700,1
42701,0
42702,0
42703,0
42704,0
42705,0
42706,0
42707,0
42708,1
42709,0
42710,0
42711,0
42712,0
42713,1
42714,1
42715,1
42716,0
42717,0
42718,0
42719,0
42720,0
42721,0
42722,0
42723,0
42724,0
42725,1
42726,0
42727,0
42728,0
42729,0
42730,0
42731,0
42732,0
42733,0
42734,0
42735,1
42736,1
42737,0
42738,0
42739,0
42740,0
42741,0
42742,0
42743,0
42744,0
42745,1
42746,0
42747,0
42748,0
42749,1
42750,0
42751,0
42752,0
42753,1
42754,0
42755,0
42756,0
42757,1
42758,0
42759,0
42760,0
42761,0
42762,0
42763,0
42764,0
42765,1
42766,0
42767,1
42768,0
42769,0
42770,0
42771,0
42772,0
42773,0
42774,0
42775,0
42776,0
42777,0
42778,0
42779,0
42780,0
42781,0
42782,1
42783,0
42784,1
42785,0
42786,0
42787,0
42788,1
42789,0
42790,0
42791,0
42792,0
42793,1
42794,1
42795,0
42796,0
42797,0
42798,0
42799,0
42800,0
42801,0
42802,0
42803,0
42804,0
42805,0
42806,0
42807,0
42808,0
42809,0
42810,0
42811,0
42812,0
42813,0
42814,1
42815,0
42816,0
42817,1
42818,0
42819,0
42820,0
42821,0
42822,0
42823,0
42824,0
42825,0
42826,0
42827,0
42828,1
42829,0
42830,0
42831,0
42832,0
42833,0
42834,0
42835,0
42836,0
42837,0
42838,0
42839,1
42840,0
42841,0
42842,0
42843,0
42844,0
42845,1
42846,0
42847,0
42848,0
42849,0
42850,0
42851,0
42852,0
42853,0
42854,0
42855,0
42856,0
42857,0
42858,0
42859,0
42860,0
42861,0
42862,1
42863,0
42864,0
42865,0
42866,0
42867,0
42868,0
42869,0
42870,0
42871,0
42872,0
42873,0
42874,0
42875,0
42876,0
42877,0
42878,1
42879,0
42880,0
42881,0
42882,0
42883,0
42884,0
42885,0
42886,0
42887,0
42888,0
42889,0
42890,0
42891,0
42892,0
42893,0
42894,0
42895,0
42896,0
42897,0
42898,0
42899,0
42900,0
42901,0
42902,1
42903,0
42904,0
42905,0
42906,0
42907,0
42908,0
42909,0
42910,0
42911,1
42912,0
42913,0
42914,0
42915,0
42916,0
42917,0
42918,0
42919,0
42920,0
42921,0
42922,0
42923,0
42924,0
42925,0
42926,0
42927,0
42928,0
42929,0
42930,0
42931,0
42932,0
42933,1
42934,0
42935,0
42936,0
42937,1
42938,1
42939,0
42940,0
42941,0
42942,1
42943,1
42944,0
42945,0
42946,1
42947,0
42948,0
42949,0
42950,0
42951,1
42952,0
42953,0
42954,1
42955,0
42956,0
42957,0
42958,0
42959,0
42960,1
42961,1
42962,0
42963,0
42964,0
42965,0
42966,0
42967,0
42968,0
42969,0
42970,0
42971,0
42972,0
42973,0
42974,1
42975,0
42976,1
42977,0
42978,1
42979,0
42980,0
42981,0
42982,0
42983,0
42984,0
42985,1
42986,1
42987,0
42988,0
42989,0
42990,0
42991,0
42992,0
42993,0
42994,0
42995,1
42996,1
42997,0
42998,0
42999,0
43000,0
43001,0
43002,0
43003,0
43004,0
43005,0
43006,0
43007,0
43008,0
43009,1
43010,0
43011,0
43012,0
43013,0
43014,1
43015,1
43016,0
43017,1
43018,0
43019,1
43020,1
43021,0
43022,0
43023,0
43024,0
43025,0
43026,0
43027,0
43028,1
43029,0
43030,0
43031,0
43032,0
43033,1
43034,0
43035,0
43036,1
43037,0
43038,0
43039,1
43040,1
43041,0
43042,0
43043,0
43044,0
43045,0
43046,0
43047,0
43048,1
43049,0
43050,0
43051,0
43052,0
43053,0
43054,0
43055,0
43056,1
43057,0
43058,0
43059,0
43060,0
43061,0
43062,0
43063,1
43064,0
43065,0
43066,0
43067,0
43068,0
43069,0
43070,0
43071,0
43072,0
43073,0
43074,0
43075,0
43076,0
43077,0
43078,0
43079,0
43080,0
43081,0
43082,0
43083,0
43084,1
43085,1
43086,0
43087,0
43088,0
43089,0
43090,1
43091,0
43092,1
43093,0
43094,0
43095,0
43096,0
43097,0
43098,0
43099,1
43100,0
43101,0
43102,1
43103,0
43104,0
43105,1
43106,0
43107,0
43108,0
43109,0
43110,0
43111,0
43112,1
43113,0
43114,0
43115,0
43116,1
43117,0
43118,0
43119,0
43120,0
43121,0
43122,0
43123,0
43124,0
43125,1
43126,0
43127,1
43128,0
43129,0
43130,0
43131,0
43132,1
43133,1
43134,0
43135,0
43136,0
43137,0
43138,0
43139,1
43140,0
43141,0
43142,0
43143,0
43144,0
43145,0
43146,0
43147,1
43148,0
43149,0
43150,0
43151,0
43152,0
43153,0
43154,1
43155,0
43156,0
43157,0
43158,0
43159,0
43160,1
43161,0
43162,0
43163,0
43164,1
43165,0
43166,1
43167,0
43168,1
43169,0
43170,0
43171,1
43172,0
43173,1
43174,0
43175,0
43176,0
43177,0
43178,0
43179,0
43180,0
43181,0
43182,0
43183,0
43184,0
43185,0
43186,0
43187,0
43188,0
43189,0
43190,0
43191,0
43192,0
43193,0
43194,0
43195,0
43196,0
43197,0
43198,0
43199,0
43200,0
43201,0
43202,0
43203,0
43204,0
43205,0
43206,0
43207,0
43208,0
43209,1
43210,0
43211,0
43212,0
43213,0
43214,0
43215,0
43216,0
43217,0
43218,0
43219,1
43220,0
43221,0
43222,0
43223,0
43224,0
43225,0
43226,0
43227,0
43228,1
43229,0
43230,0
43231,0
43232,0
43233,0
43234,1
43235,0
43236,0
43237,0
43238,0
43239,0
43240,0
43241,0
43242,0
43243,0
43244,0
43245,1
43246,0
43247,0
43248,0
43249,0
43250,0
43251,0
43252,1
43253,0
43254,0
43255,1
43256,0
43257,0
43258,0
43259,0
43260,0
43261,1
43262,0
43263,0
43264,0
43265,0
43266,0
43267,0
43268,0
43269,0
43270,0
43271,0
43272,0
43273,0
43274,0
43275,0
43276,0
43277,0
43278,0
43279,0
43280,0
43281,1
43282,0
43283,0
43284,0
43285,0
43286,0
43287,0
43288,0
43289,0
43290,1
43291,1
43292,0
43293,0
43294,0
43295,0
43296,0
43297,0
43298,0
43299,0
43300,0
43301,0
43302,0
43303,0
43304,0
43305,0
43306,0
43307,1
43308,0
43309,0
43310,0
43311,0
43312,0
43313,0
43314,0
43315,0
43316,0
43317,0
43318,0
43319,0
43320,0
43321,0
43322,1
43323,0
43324,0
43325,1
43326,0
43327,0
43328,0
43329,0
43330,1
43331,0
43332,1
43333,0
43334,0
43335,1
43336,0
43337,0
43338,0
43339,1
43340,0
43341,0
43342,0
43343,1
43344,0
43345,0
43346,1
43347,0
43348,0
43349,1
43350,0
43351,0
43352,0
43353,0
43354,0
43355,0
43356,0
43357,0
43358,0
43359,0
43360,0
43361,0
43362,0
43363,1
43364,0
43365,0
43366,0
43367,0
43368,0
43369,1
43370,0
43371,0
43372,1
43373,0
43374,0
43375,0
43376,0
43377,1
43378,0
43379,0
43380,0
43381,0
43382,0
43383,0
43384,0
43385,1
43386,0
43387,1
43388,0
43389,1
43390,0
43391,0
43392,1
43393,0
43394,0
43395,0
43396,0
43397,1
43398,0
43399,0
43400,0
43401,0
43402,0
43403,0
43404,0
43405,0
43406,0
43407,0
43408,0
43409,0
43410,0
43411,0
43412,0
43413,0
43414,0
43415,0
43416,0
43417,0
43418,0
43419,0
43420,1
43421,0
43422,1
43423,0
43424,1
43425,0
43426,0
43427,0
43428,0
43429,0
43430,0
43431,1
43432,0
43433,0
43434,0
43435,0
43436,1
43437,0
43438,0
43439,0
43440,0
43441,0
43442,0
43443,0
43444,0
43445,0
43446,0
43447,0
43448,0
43449,1
43450,1
43451,1
43452,0
43453,0
43454,0
43455,0
43456,0
43457,0
43458,0
43459,0
43460,0
43461,0
43462,0
43463,0
43464,0
43465,0
43466,0
43467,0
43468,1
43469,0
43470,0
43471,0
43472,0
43473,0
43474,0
43475,0
43476,0
43477,0
43478,0
43479,0
43480,0
43481,0
43482,0
43483,1
43484,0
43485,0
43486,0
43487,0
43488,0
43489,0
43490,0
43491,0
43492,0
43493,0
43494,1
43495,0
43496,1
43497,0
43498,0
43499,0
43500,1
43501,0
43502,0
43503,0
43504,0
43505,1
43506,1
43507,0
43508,0
43509,1
43510,0
43511,1
43512,1
43513,0
43514,0
43515,0
43516,0
43517,0
43518,0
43519,1
43520,0
43521,0
43522,0
43523,0
43524,0
43525,0
43526,0
43527,0
43528,1
43529,0
43530,0
43531,1
43532,0
43533,0
43534,0
43535,1
43536,0
43537,0
43538,1
43539,0
43540,0
43541,0
43542,1
43543,1
43544,1
43545,0
43546,0
43547,0
43548,1
43549,1
43550,0
43551,0
43552,1
43553,0
43554,1
43555,0
43556,0
43557,0
43558,0
43559,0
43560,0
43561,0
43562,1
43563,0
43564,0
43565,0
43566,1
43567,0
43568,0
43569,0
43570,0
43571,1
43572,1
43573,0
43574,0
43575,0
43576,0
43577,1
43578,0
43579,0
43580,0
43581,1
43582,0
43583,0
43584,0
43585,0
43586,0
43587,0
43588,1
43589,0
43590,1
43591,0
43592,0
43593,0
43594,0
43595,0
43596,0
43597,0
43598,0
43599,0
43600,0
43601,0
43602,0
43603,0
43604,0
43605,0
43606,0
43607,0
43608,0
43609,0
43610,0
43611,0
43612,1
43613,1
43614,0
43615,0
43616,0
43617,0
43618,1
43619,0
43620,1
43621,0
43622,0
43623,0
43624,0
43625,0
43626,0
43627,0
43628,0
43629,0
43630,1
43631,1
43632,1
43633,0
43634,0
43635,1
43636,0
43637,0
43638,1
43639,0
43640,0
43641,0
43642,0
43643,0
43644,0
43645,0
43646,1
43647,0
43648,0
43649,1
43650,0
43651,0
43652,0
43653,0
43654,0
43655,0
43656,0
43657,0
43658,0
43659,1
43660,0
43661,0
43662,0
43663,0
43664,0
43665,0
43666,0
43667,0
43668,0
43669,0
43670,0
43671,0
43672,1
43673,0
43674,0
43675,0
43676,0
43677,0
43678,0
43679,1
43680,0
43681,0
43682,0
43683,0
43684,0
43685,0
43686,0
43687,0
43688,1
43689,1
43690,0
43691,0
43692,0
43693,0
43694,0
43695,0
43696,0
43697,0
43698,1
43699,0
43700,0
43701,0
43702,0
43703,0
43704,0
43705,0
43706,0
43707,0
43708,0
43709,0
43710,0
43711,0
43712,0
43713,0
43714,0
43715,1
43716,0
43717,1
43718,0
43719,0
43720,0
43721,0
43722,0
43723,0
43724,0
43725,0
43726,0
43727,0
43728,1
43729,1
43730,0
43731,0
43732,0
43733,0
43734,0
43735,0
43736,0
43737,0
43738,1
43739,0
43740,0
43741,0
43742,0
43743,0
43744,0
43745,0
43746,1
43747,0
43748,0
43749,0
43750,0
43751,0
43752,1
43753,0
43754,0
43755,0
43756,0
43757,0
43758,0
43759,1
43760,0
43761,0
43762,0
43763,0
43764,0
43765,1
43766,1
43767,0
43768,0
43769,0
43770,0
43771,0
43772,0
43773,0
43774,0
43775,0
43776,0
43777,0
43778,0
43779,0
43780,0
43781,0
43782,0
43783,0
43784,1
43785,0
43786,0
43787,1
43788,0
43789,0
43790,0
43791,1
43792,1
43793,1
43794,0
43795,1
43796,0
43797,0
43798,0
43799,1
43800,1
43801,0
43802,0
43803,0
43804,1
43805,0
43806,0
43807,0
43808,0
43809,0
43810,0
43811,0
43812,0
43813,1
43814,0
43815,0
43816,0
43817,0
43818,0
43819,0
43820,0
43821,0
43822,0
43823,0
43824,0
43825,0
43826,0
43827,0
43828,1
43829,0
43830,0
43831,0
43832,0
43833,0
43834,0
43835,0
43836,0
43837,0
43838,0
43839,0
43840,1
43841,0
43842,0
43843,0
43844,0
43845,1
43846,0
43847,1
43848,0
43849,0
43850,1
43851,0
43852,0
43853,0
43854,0
43855,0
43856,0
43857,1
43858,0
43859,0
43860,1
43861,0
43862,0
43863,0
43864,0
43865,0
43866,0
43867,0
43868,0
43869,1
43870,0
43871,0
43872,0
43873,0
43874,0
43875,0
43876,1
43877,0
43878,0
43879,0
43880,0
43881,0
43882,0
43883,0
43884,0
43885,1
43886,1
43887,0
43888,0
43889,0
43890,0
43891,1
43892,0
43893,0
43894,1
43895,0
43896,0
43897,0
43898,0
43899,0
43900,0
43901,0
43902,0
43903,0
43904,0
43905,0
43906,1
43907,1
43908,1
43909,1
43910,0
43911,0
43912,0
43913,1
43914,0
43915,0
43916,0
43917,0
43918,0
43919,0
43920,0
43921,0
43922,0
43923,0
43924,0
43925,0
43926,0
43927,0
43928,0
43929,0
43930,1
43931,0
43932,0
43933,0
43934,0
43935,0
43936,0
43937,1
43938,0
43939,0
43940,0
43941,0
43942,0
43943,0
43944,0
43945,0
43946,0
43947,0
43948,0
43949,0
43950,0
43951,0
43952,1
43953,0
43954,0
43955,1
43956,1
43957,0
43958,0
43959,0
43960,1
43961,1
43962,0
43963,0
43964,0
43965,0
43966,0
43967,0
43968,1
43969,0
43970,0
43971,1
43972,1
43973,0
43974,0
43975,0
43976,0
43977,0
43978,0
43979,0
43980,0
43981,0
43982,0
43983,0
43984,0
43985,0
43986,1
43987,1
43988,1
43989,0
43990,0
43991,0
43992,0
43993,0
43994,0
43995,0
43996,0
43997,0
43998,0
43999,0
44000,0
44001,0
44002,1
44003,0
44004,0
44005,0
44006,0
44007,0
44008,0
44009,1
44010,0
44011,1
44012,0
44013,0
44014,0
44015,0
44016,0
44017,0
44018,0
44019,0
44020,0
44021,1
44022,0
44023,0
44024,0
44025,0
44026,0
44027,0
44028,0
44029,0
44030,0
44031,0
44032,0
44033,1
44034,0
44035,1
44036,0
44037,0
44038,0
44039,0
44040,0
44041,0
44042,1
44043,0
44044,0
44045,0
44046,0
44047,0
44048,0
44049,0
44050,0
44051,0
44052,1
44053,0
44054,0
44055,0
44056,0
44057,0
44058,0
44059,0
44060,0
44061,0
44062,0
44063,0
44064,0
44065,0
44066,0
44067,0
44068,0
44069,0
44070,0
44071,0
44072,0
44073,1
44074,0
44075,0
44076,0
44077,0
44078,0
44079,0
44080,0
44081,1
44082,0
44083,0
44084,1
44085,0
44086,0
44087,0
44088,0
44089,0
44090,0
44091,0
44092,0
44093,0
44094,0
44095,0
44096,0
44097,0
44098,0
44099,0
44100,0
44101,0
44102,0
44103,1
44104,0
44105,0
44106,0
44107,0
44108,0
44109,0
44110,0
44111,1
44112,0
44113,0
44114,0
44115,0
44116,0
44117,0
44118,0
44119,0
44120,0
44121,0
44122,0
44123,0
44124,0
44125,0
44126,0
44127,0
44128,1
44129,0
44130,1
44131,0
44132,0
44133,1
44134,1
44135,0
44136,1
44137,0
44138,0
44139,0
44140,0
44141,1
44142,0
44143,0
44144,0
44145,0
44146,0
44147,0
44148,0
44149,0
44150,0
44151,0
44152,0
44153,0
44154,0
44155,0
44156,1
44157,0
44158,0
44159,1
44160,1
44161,0
44162,0
44163,1
44164,0
44165,0
44166,1
44167,0
44168,0
44169,0
44170,0
44171,1
44172,0
44173,0
44174,0
44175,0
44176,0
44177,0
44178,0
44179,1
44180,0
44181,0
44182,0
44183,0
44184,1
44185,0
44186,0
44187,1
44188,0
44189,0
44190,0
44191,0
44192,0
44193,1
44194,1
44195,1
44196,1
44197,1
44198,0
44199,0
44200,0
44201,0
44202,0
44203,0
44204,1
44205,0
44206,0
44207,0
44208,0
44209,1
44210,0
44211,0
44212,1
44213,0
44214,0
44215,1
44216,0
44217,1
44218,1
44219,0
44220,0
44221,0
44222,0
44223,0
44224,0
44225,0
44226,0
44227,0
44228,0
44229,0
44230,0
44231,0
44232,0
44233,0
44234,0
44235,1
44236,0
44237,0
44238,0
44239,1
44240,0
44241,0
44242,1
44243,0
44244,0
44245,0
44246,1
44247,0
44248,1
44249,1
44250,1
44251,0
44252,0
44253,1
44254,0
44255,0
44256,0
44257,0
44258,0
44259,0
44260,0
44261,0
44262,0
44263,0
44264,0
44265,0
44266,0
44267,0
44268,0
44269,0
44270,0
44271,0
44272,0
44273,0
44274,0
44275,0
44276,0
44277,0
44278,1
44279,0
44280,1
44281,0
44282,1
44283,0
44284,0
44285,0
44286,1
44287,0
44288,0
44289,0
44290,0
44291,1
44292,0
44293,0
44294,0
44295,0
44296,0
44297,0
44298,0
44299,1
44300,0
44301,0
44302,0
44303,0
44304,0
44305,0
44306,0
44307,0
44308,1
44309,0
44310,1
44311,0
44312,1
44313,0
44314,1
44315,0
44316,0
44317,0
44318,0
44319,0
44320,0
44321,0
44322,0
44323,1
44324,0
44325,1
44326,0
44327,0
44328,0
44329,0
44330,1
44331,0
44332,0
44333,0
44334,1
44335,0
44336,0
44337,1
44338,1
44339,0
44340,1
44341,0
44342,0
44343,0
44344,0
44345,0
44346,1
44347,0
44348,0
44349,0
44350,0
44351,1
44352,0
44353,1
44354,0
44355,0
44356,0
44357,1
44358,0
44359,1
44360,0
44361,0
44362,0
44363,1
44364,1
44365,0
44366,0
44367,1
44368,1
44369,0
44370,1
44371,0
44372,1
44373,0
44374,0
44375,1
44376,1
44377,1
44378,0
44379,0
44380,0
44381,0
44382,0
44383,1
44384,0
44385,0
44386,0
44387,0
44388,0
44389,0
44390,1
44391,0
44392,0
44393,0
44394,1
44395,0
44396,0
44397,0
44398,0
44399,1
44400,0
44401,1
44402,0
44403,0
44404,0
44405,0
44406,0
44407,0
44408,0
44409,0
44410,0
44411,0
44412,1
44413,1
44414,0
44415,0
44416,0
44417,0
44418,0
44419,0
44420,0
44421,0
44422,0
44423,0
44424,0
44425,0
44426,0
44427,0
44428,0
44429,0
44430,0
44431,0
44432,0
44433,0
44434,0
44435,0
44436,0
44437,0
44438,0
44439,0
44440,1
44441,0
44442,0
44443,0
44444,0
44445,0
44446,0
44447,0
44448,0
44449,0
44450,0
44451,0
44452,0
44453,0
44454,0
44455,0
44456,0
44457,0
44458,0
44459,0
44460,0
44461,0
44462,1
44463,0
44464,0
44465,0
44466,1
44467,0
44468,0
44469,0
44470,0
44471,0
44472,0
44473,0
44474,0
44475,1
44476,1
44477,0
44478,0
44479,0
44480,1
44481,0
44482,0
44483,0
44484,1
44485,0
44486,0
44487,0
44488,0
44489,1
44490,0
44491,0
44492,0
44493,0
44494,1
44495,0
44496,0
44497,0
44498,1
44499,0
44500,1
44501,0
44502,1
44503,0
44504,0
44505,1
44506,0
44507,0
44508,0
44509,0
44510,0
44511,0
44512,0
44513,0
44514,0
44515,0
44516,0
44517,0
44518,0
44519,0
44520,0
44521,0
44522,0
44523,0
44524,0
44525,0
44526,0
44527,0
44528,0
44529,0
44530,0
44531,0
44532,1
44533,0
44534,0
44535,0
44536,0
44537,0
44538,0
44539,0
44540,0
44541,0
44542,1
44543,0
44544,0
44545,0
44546,1
44547,0
44548,0
44549,0
44550,0
44551,1
44552,0
44553,0
44554,0
44555,0
44556,0
44557,1
44558,0
44559,0
44560,0
44561,0
44562,0
44563,0
44564,0
44565,0
44566,0
44567,0
44568,0
44569,0
44570,0
44571,0
44572,0
44573,0
44574,0
44575,0
44576,0
44577,0
44578,0
44579,0
44580,0
44581,0
44582,0
44583,1
44584,1
44585,0
44586,0
44587,0
44588,0
44589,0
44590,0
44591,0
44592,0
44593,1
44594,0
44595,1
44596,0
44597,0
44598,1
44599,0
44600,1
44601,0
44602,0
44603,0
44604,0
44605,1
44606,0
44607,0
44608,0
44609,0
44610,0
44611,0
44612,1
44613,0
44614,0
44615,0
44616,1
44617,1
44618,0
44619,0
44620,1
44621,1
44622,0
44623,0
44624,0
44625,0
44626,1
44627,0
44628,0
44629,0
44630,0
44631,0
44632,0
44633,0
44634,0
44635,0
44636,0
44637,0
44638,0
44639,0
44640,0
44641,0
44642,1
44643,0
44644,0
44645,0
44646,0
44647,0
44648,0
44649,0
44650,0
44651,0
44652,0
44653,0
44654,1
44655,0
44656,1
44657,0
44658,1
44659,0
44660,0
44661,0
44662,0
44663,0
44664,0
44665,0
44666,0
44667,1
44668,0
44669,1
44670,1
44671,0
44672,0
44673,0
44674,0
44675,0
44676,0
44677,0
44678,0
44679,0
44680,0
44681,0
44682,0
44683,0
44684,0
44685,0
44686,0
44687,0
44688,0
44689,0
44690,0
44691,0
44692,1
44693,0
44694,0
44695,0
44696,0
44697,0
44698,0
44699,0
44700,0
44701,0
44702,0
44703,0
44704,0
44705,0
44706,0
44707,0
44708,0
44709,1
44710,0
44711,0
44712,0
44713,0
44714,0
44715,0
44716,0
44717,0
44718,0
44719,0
44720,1
44721,0
44722,0
44723,0
44724,0
44725,0
44726,0
44727,0
44728,0
44729,0
44730,0
44731,0
44732,0
44733,0
44734,1
44735,1
44736,0
44737,0
44738,0
44739,0
44740,0
44741,1
44742,0
44743,0
44744,0
44745,0
44746,1
44747,0
44748,1
44749,1
44750,1
44751,1
44752,0
44753,0
44754,0
44755,0
44756,0
44757,0
44758,1
44759,0
44760,0
44761,0
44762,0
44763,0
44764,0
44765,0
44766,0
44767,0
44768,0
44769,0
44770,0
44771,1
44772,0
44773,0
44774,0
44775,0
44776,0
44777,0
44778,0
44779,1
44780,0
44781,0
44782,0
44783,0
44784,0
44785,1
44786,1
44787,0
44788,1
44789,0
44790,1
44791,0
44792,0
44793,0
44794,0
44795,0
44796,0
44797,0
44798,0
44799,0
44800,0
44801,0
44802,1
44803,1
44804,0
44805,0
44806,0
44807,0
44808,0
44809,0
44810,0
44811,0
44812,0
44813,0
44814,0
44815,1
44816,0
44817,0
44818,0
44819,0
44820,0
44821,0
44822,0
44823,1
44824,0
44825,0
44826,0
44827,1
44828,1
44829,0
44830,0
44831,0
44832,0
44833,0
44834,0
44835,0
44836,0
44837,0
44838,0
44839,0
44840,1
44841,0
44842,0
44843,0
44844,0
44845,0
44846,0
44847,1
44848,0
44849,1
44850,0
44851,0
44852,0
44853,0
44854,0
44855,0
44856,0
44857,0
44858,1
44859,0
44860,0
44861,0
44862,0
44863,0
44864,0
44865,0
44866,0
44867,0
44868,0
44869,1
44870,0
44871,1
44872,1
44873,0
44874,0
44875,1
44876,0
44877,0
44878,0
44879,1
44880,0
44881,0
44882,0
44883,0
44884,1
44885,0
44886,0
44887,0
44888,0
44889,0
44890,0
44891,1
44892,0
44893,1
44894,0
44895,0
44896,0
44897,0
44898,0
44899,1
44900,0
44901,0
44902,1
44903,0
44904,0
44905,0
44906,0
44907,0
44908,0
44909,0
44910,0
44911,1
44912,0
44913,1
44914,0
44915,0
44916,0
44917,0
44918,1
44919,0
44920,0
44921,0
44922,0
44923,0
44924,1
44925,1
44926,0
44927,0
44928,1
44929,0
44930,0
44931,0
44932,0
44933,0
44934,1
44935,0
44936,0
44937,0
44938,0
44939,0
44940,0
44941,0
44942,0
44943,0
44944,0
44945,0
44946,1
44947,0
44948,0
44949,0
44950,1
44951,0
44952,0
44953,0
44954,0
44955,0
44956,0
44957,0
44958,1
44959,0
44960,0
44961,0
44962,0
44963,0
44964,0
44965,0
44966,0
44967,0
44968,0
44969,0
44970,0
44971,0
44972,0
44973,0
44974,0
44975,0
44976,1
44977,0
44978,0
44979,0
44980,0
44981,0
44982,0
44983,0
44984,0
44985,0
44986,0
44987,0
44988,0
44989,0
44990,0
44991,1
44992,0
44993,0
44994,0
44995,0
44996,0
44997,1
44998,1
44999,0
45000,1
45001,1
45002,0
45003,0
45004,0
45005,0
45006,0
45007,0
45008,0
45009,0
45010,0
45011,0
45012,0
45013,0
45014,1
45015,1
45016,0
45017,0
45018,0
45019,0
45020,0
45021,0
45022,0
45023,0
45024,0
45025,0
45026,1
45027,0
45028,0
45029,0
45030,0
45031,0
45032,0
45033,0
45034,0
45035,0
45036,0
45037,0
45038,0
45039,1
45040,1
45041,1
45042,1
45043,1
45044,1
45045,1
45046,1
45047,1
45048,1
45049,1
45050,1
45051,1
45052,1
45053,1
45054,1
45055,1
45056,1
45057,1
45058,1
45059,1
45060,1
45061,1
45062,1
45063,1
45064,1
45065,1
45066,1
45067,1
45068,1
45069,1
45070,1
45071,1
45072,1
45073,1
45074,1
45075,1
45076,1
45077,1
45078,1
45079,1
45080,1
45081,1
45082,1
45083,1
45084,1
45085,1
45086,1
45087,1
45088,1
45089,1
45090,1
45091,1
45092,1
45093,1
45094,1
45095,1
45096,1
45097,1
45098,1
45099,1
45100,1
45101,1
45102,1
45103,1
45104,1
45105,1
45106,1
45107,1
45108,1
45109,1
45110,1
45111,1
45112,1
45113,1
45114,1
45115,1
45116,1
45117,1
45118,1
45119,1
45120,1
45121,1
45122,1
45123,1
45124,1
45125,1
45126,1
45127,1
45128,1
45129,1
45130,1
45131,1
45132,1
45133,1
45134,1
45135,1
45136,1
45137,1
45138,1
45139,1
45140,1
45141,1
45142,1
45143,1
45144,1
45145,1
45146,1
45147,1
45148,1
45149,1
45150,1
45151,1
45152,1
45153,1
45154,1
45155,1
45156,1
45157,1
45158,1
45159,1
45160,1
45161,1
45162,1
45163,1
45164,1
45165,1
45166,1
45167,1
45168,1
45169,1
45170,1
45171,1
45172,1
45173,1
45174,1
45175,1
45176,1
45177,1
45178,1
45179,1
45180,1
45181,1
45182,1
45183,1
45184,1
45185,1
45186,1
45187,1
45188,1
45189,1
45190,1
45191,1
45192,1
45193,1
45194,1
45195,1
45196,1
45197,1
45198,1
45199,1
45200,1
45201,1
45202,1
45203,1
45204,1
45205,1
45206,1
45207,1
45208,1
45209,1
45210,1
45211,1
45212,1
45213,1
45214,1
45215,1
45216,1
45217,1
45218,1
45219,1
45220,1
45221,1
45222,1
45223,1
45224,1
45225,1
45226,1
45227,1
45228,1
45229,1
45230,1
45231,1
45232,1
45233,1
45234,1
45235,1
45236,1
45237,1
45238,1
45239,1
45240,1
45241,1
45242,1
45243,1
45244,1
45245,1
45246,1
45247,1
45248,1
45249,1
45250,1
45251,1
45252,1
45253,1
45254,1
45255,1
45256,1
45257,1
45258,1
45259,1
45260,1
45261,1
45262,1
45263,1
45264,1
45265,1
45266,1
45267,1
45268,1
45269,1
45270,1
45271,1
45272,1
45273,1
45274,1
45275,1
45276,1
45277,1
45278,1
45279,1
45280,1
45281,1
45282,1
45283,1
45284,1
45285,1
45286,1
45287,1
45288,1
45289,1
45290,1
45291,1
45292,1
45293,1
45294,1
45295,1
45296,1
45297,1
45298,1
45299,1
45300,1
45301,1
45302,1
45303,1
45304,1
45305,1
45306,1
45307,1
45308,1
45309,1
45310,1
45311,1
45312,1
45313,1
45314,1
45315,1
45316,1
45317,1
45318,1
45319,1
45320,1
45321,1
45322,1
45323,1
45324,1
45325,1
45326,1
45327,1
45328,1
45329,1
45330,1
45331,1
45332,1
45333,1
45334,1
45335,1
45336,1
45337,1
45338,1
45339,1
45340,1
45341,1
45342,1
45343,1
45344,1
45345,1
45346,1
45347,1
45348,1
45349,1
45350,1
45351,1
45352,1
45353,1
45354,1
45355,1
45356,1
45357,1
45358,1
45359,1
45360,1
45361,1
45362,1
45363,1
45364,1
45365,1
45366,1
45367,1
45368,1
45369,1
45370,1
45371,1
45372,1
45373,1
45374,1
45375,1
45376,1
45377,1
45378,1
45379,1
45380,1
45381,1
45382,1
45383,1
45384,1
45385,1
45386,1
45387,1
45388,1
45389,1
45390,1
45391,1
45392,1
45393,1
45394,1
45395,1
45396,1
45397,1
45398,1
45399,1
45400,1
45401,1
45402,1
45403,1
45404,1
45405,1
45406,1
45407,1
45408,1
45409,1
45410,1
45411,1
45412,1
45413,1
45414,1
45415,1
45416,1
45417,1
45418,1
45419,1
45420,1
45421,1
45422,1
45423,1
45424,1
45425,1
45426,1
45427,1
45428,1
45429,1
45430,1
45431,1
45432,1
45433,1
45434,1
45435,1
45436,1
45437,1
45438,1
45439,1
45440,1
45441,1
45442,1
45443,1
45444,1
45445,1
45446,1
45447,1
45448,1
45449,1
45450,1
45451,1
45452,1
45453,1
45454,1
45455,1
45456,1
45457,1
45458,1
45459,1
45460,1
45461,1
45462,1
45463,1
45464,1
45465,1
45466,1
45467,1
45468,1
45469,1
45470,1
45471,1
45472,1
45473,1
45474,1
45475,1
45476,1
45477,1
45478,1
45479,1
45480,1
45481,1
45482,1
45483,1
45484,1
45485,1
45486,1
45487,1
45488,1
45489,1
45490,1
45491,1
45492,1
45493,1
45494,1
45495,1
45496,1
45497,1
45498,1
45499,1
45500,1
45501,1
45502,1
45503,1
45504,1
45505,1
45506,1
45507,1
45508,1
45509,1
45510,1
45511,1
45512,1
45513,1
45514,1
45515,1
45516,1
45517,1
45518,1
45519,1
45520,1
45521,1
45522,1
45523,1
45524,1
45525,1
45526,1
45527,1
45528,1
45529,1
45530,1
45531,1
45532,1
45533,1
45534,1
45535,1
45536,1
45537,1
45538,1
45539,1
45540,1
45541,1
45542,1
45543,1
45544,1
45545,1
45546,1
45547,1
45548,1
45549,1
45550,1
45551,1
45552,1
45553,1
45554,1
45555,1
45556,1
45557,1
45558,1
45559,1
45560,1
45561,1
45562,1
45563,1
45564,1
45565,1
45566,1
45567,1
45568,1
45569,1
45570,1
45571,1
45572,1
45573,1
45574,1
45575,1
45576,1
45577,1
45578,1
45579,1
45580,1
45581,1
45582,1
45583,1
45584,1
45585,1
45586,1
45587,1
45588,1
45589,1
45590,1
45591,1
45592,1
